dataset,provider,left,left_std,center-left,center-left_std,right,right_std,unknown,unknown_std,center,center_std,center-right,center-right_std
bluesky,anthropic,0.03436619279094052,0.011170505678698615,-0.018829488189104585,0.00797069425087147,-0.0008454635728597999,0.0023109705938807895,-0.014691241028976065,0.003738533828646609,,,,
bluesky,openai,0.02662219954280087,0.004533803725290267,-0.00988374248039835,0.004391681418811094,-0.0018138613190088664,0.0016730830571785292,-0.014924595743393616,0.0019164060959682568,,,,
bluesky,gemini,0.0193144776843991,0.017328603815905567,-0.009353663999977833,0.009958139271288543,0.0012151789186097002,0.0036253752948984365,-0.011175992603030933,0.006873790143274875,,,,
bluesky,Average (across models),0.026767623339380164,0.007526911250478541,-0.012688964889826923,0.005324449792286533,-0.0004813819910863221,0.001546993128271129,-0.013597276458466872,0.002100136956755741,,,,
reddit,anthropic,-0.012227972909425034,0.029309076840513017,0.019779425746683232,0.02437822435529737,,,,,-0.0071784397584725166,0.005749549940954919,-0.0003730130787856167,0.0013470834856640559
reddit,openai,-0.005888888888888916,0.00942154085586664,0.0129629629629629,0.008393609169905355,,,,,-0.004999999999999984,0.00210818510677893,-0.0020740740740740004,0.0004536092116265508
reddit,gemini,-0.0035013306987485824,0.024297494096986474,0.00970237733923985,0.01933058337288512,,,,,-0.005465709484832333,0.004513618313774358,-0.0007353371556588833,0.0018447407662291132
reddit,Average (across models),-0.0072060641656875105,0.004509964977762808,0.01414825534962866,0.005142024375954004,,,,,-0.005881383081101611,0.0011471653539486114,-0.0010608081028395,0.0008960193248568149
twitter,anthropic,0.06762117583971207,0.05626510753896555,0.010096238859422166,0.018084039766339904,-0.08588868652686178,0.07546367390601172,-0.02411495541688015,0.07408244038482693,0.013133525310065501,0.01410559406899196,0.019152701934542198,0.023553550077770647
twitter,openai,0.08043078811949768,0.039398630205577725,0.0023803978904593163,0.006345847216671967,-0.03520433052925382,0.03486796944276945,-0.047089475817024364,0.03609553761716648,0.0028257143989470998,0.0031024818682063734,-0.0033430940626258334,0.005439880769810829
twitter,gemini,0.07385790523101023,0.06302774118983331,9.404214472653347e-05,0.014378083865964992,-0.018250448711810252,0.07355638100995325,-0.0532451797646779,0.06404003245677527,-0.0012573612216313667,0.005304949402659954,-0.001198957677617284,0.019676465325965252
twitter,Average (across models),0.07396995639673999,0.006405541217369116,0.004190226298202672,0.005240953532418806,-0.046447821922641956,0.03519296631027657,-0.041483203666194145,0.015353019514419246,0.004900626162460412,0.007416424199829593,0.004870216731433027,0.01241536821411889
