feature,dataset,provider,prompt_style,rf_importance,shap_importance,auroc,n_samples,n_positive,n_negative
author_gender,twitter,openai,general,0.030564443114723533,0.012870627540094095,0.8374742777777778,10000,1000,9000
author_political_leaning,twitter,openai,general,0.047038824008861294,0.02562925593606059,0.8374742777777778,10000,1000,9000
author_is_minority,twitter,openai,general,0.01227337623651951,0.01239369632640976,0.8374742777777778,10000,1000,9000
text_length,twitter,openai,general,0.19905047020612596,0.10650221765653167,0.8374742777777778,10000,1000,9000
avg_word_length,twitter,openai,general,0.10379788312762706,0.028533474800745626,0.8374742777777778,10000,1000,9000
sentiment_polarity,twitter,openai,general,0.10680925509388683,0.03281963338472198,0.8374742777777778,10000,1000,9000
sentiment_subjectivity,twitter,openai,general,0.0990160869844626,0.02657299682801459,0.8374742777777778,10000,1000,9000
has_emoji,twitter,openai,general,0.011887090349228302,0.004627202869022016,0.8374742777777778,10000,1000,9000
has_hashtag,twitter,openai,general,0.005869516671110335,0.0014350114042366844,0.8374742777777778,10000,1000,9000
has_mention,twitter,openai,general,0.0,0.0,0.8374742777777778,10000,1000,9000
has_url,twitter,openai,general,0.02004836711252999,0.015285307236240827,0.8374742777777778,10000,1000,9000
polarization_score,twitter,openai,general,0.05356025082843411,0.03752075655294779,0.8374742777777778,10000,1000,9000
controversy_level,twitter,openai,general,0.010413311409370851,0.0047458693383763476,0.8374742777777778,10000,1000,9000
primary_topic,twitter,openai,general,0.05512225830482292,0.042026990033693076,0.8374742777777778,10000,1000,9000
toxicity,twitter,openai,general,0.12987192592714183,0.03232616653782446,0.8374742777777778,10000,1000,9000
severe_toxicity,twitter,openai,general,0.11467694062515506,0.029939437511356706,0.8374742777777778,10000,1000,9000
author_gender,twitter,openai,popular,0.033341292328563255,0.016187302836510303,0.8414007777777777,10000,1000,9000
author_political_leaning,twitter,openai,popular,0.04815411797914887,0.018887745896132107,0.8414007777777777,10000,1000,9000
author_is_minority,twitter,openai,popular,0.012474237091694438,0.007566994160201823,0.8414007777777777,10000,1000,9000
text_length,twitter,openai,popular,0.15260628524485673,0.06363127233060656,0.8414007777777777,10000,1000,9000
avg_word_length,twitter,openai,popular,0.12236426523381146,0.029772373599744634,0.8414007777777777,10000,1000,9000
sentiment_polarity,twitter,openai,popular,0.13570933586489356,0.04864535163794678,0.8414007777777777,10000,1000,9000
sentiment_subjectivity,twitter,openai,popular,0.10872995562949289,0.02378453726520413,0.8414007777777777,10000,1000,9000
has_emoji,twitter,openai,popular,0.023886126517706455,0.01481103988568217,0.8414007777777777,10000,1000,9000
has_hashtag,twitter,openai,popular,0.007011328969639418,0.0020088066236423775,0.8414007777777777,10000,1000,9000
has_mention,twitter,openai,popular,0.0,0.0,0.8414007777777777,10000,1000,9000
has_url,twitter,openai,popular,0.011865740161900054,0.00985759022664577,0.8414007777777777,10000,1000,9000
polarization_score,twitter,openai,popular,0.03696245137812133,0.019476726181724264,0.8414007777777777,10000,1000,9000
controversy_level,twitter,openai,popular,0.009050060740990313,0.003904852096883883,0.8414007777777777,10000,1000,9000
primary_topic,twitter,openai,popular,0.05153265702532335,0.029032571496009518,0.8414007777777777,10000,1000,9000
toxicity,twitter,openai,popular,0.1172295259141854,0.02153947169290646,0.8414007777777777,10000,1000,9000
severe_toxicity,twitter,openai,popular,0.12908261991967238,0.02651781698890885,0.8414007777777777,10000,1000,9000
author_gender,twitter,openai,engaging,0.02771401609221065,0.010194562726181992,0.8284027222222221,10000,1000,9000
author_political_leaning,twitter,openai,engaging,0.047245871691651446,0.028905949225416568,0.8284027222222221,10000,1000,9000
author_is_minority,twitter,openai,engaging,0.009945442212540517,0.006299767739072819,0.8284027222222221,10000,1000,9000
text_length,twitter,openai,engaging,0.20390126625837585,0.10570510793351554,0.8284027222222221,10000,1000,9000
avg_word_length,twitter,openai,engaging,0.1037763285581344,0.029158318754906792,0.8284027222222221,10000,1000,9000
sentiment_polarity,twitter,openai,engaging,0.1046359386439081,0.0322349115031323,0.8284027222222221,10000,1000,9000
sentiment_subjectivity,twitter,openai,engaging,0.09921953138785115,0.02810605623789637,0.8284027222222221,10000,1000,9000
has_emoji,twitter,openai,engaging,0.013309422212988926,0.007084834832200135,0.8284027222222221,10000,1000,9000
has_hashtag,twitter,openai,engaging,0.006956850838299454,0.0022838780316988463,0.8284027222222221,10000,1000,9000
has_mention,twitter,openai,engaging,0.0,0.0,0.8284027222222221,10000,1000,9000
has_url,twitter,openai,engaging,0.011117956658241796,0.005833236952184145,0.8284027222222221,10000,1000,9000
polarization_score,twitter,openai,engaging,0.07292354125299985,0.04769148647026075,0.8284027222222221,10000,1000,9000
controversy_level,twitter,openai,engaging,0.008266778894240592,0.0030006449351666718,0.8284027222222221,10000,1000,9000
primary_topic,twitter,openai,engaging,0.06284854937333934,0.04782896650790825,0.8284027222222221,10000,1000,9000
toxicity,twitter,openai,engaging,0.11330545609475193,0.03259953981092785,0.8284027222222221,10000,1000,9000
severe_toxicity,twitter,openai,engaging,0.11483304983046608,0.033775009085668814,0.8284027222222221,10000,1000,9000
author_gender,twitter,openai,informative,0.01766923117695728,0.009548735420185602,0.8835398524220179,10000,998,9002
author_political_leaning,twitter,openai,informative,0.042864500098141904,0.04286864753457576,0.8835398524220179,10000,998,9002
author_is_minority,twitter,openai,informative,0.007915597956234137,0.009553273804277812,0.8835398524220179,10000,998,9002
text_length,twitter,openai,informative,0.33219454698229395,0.22083939993527985,0.8835398524220179,10000,998,9002
avg_word_length,twitter,openai,informative,0.12730614330527,0.08820480384627612,0.8835398524220179,10000,998,9002
sentiment_polarity,twitter,openai,informative,0.06396082534966802,0.021233432687641246,0.8835398524220179,10000,998,9002
sentiment_subjectivity,twitter,openai,informative,0.09453658834338512,0.047604921257510785,0.8835398524220179,10000,998,9002
has_emoji,twitter,openai,informative,0.011658281379999977,0.01510923260691959,0.8835398524220179,10000,998,9002
has_hashtag,twitter,openai,informative,0.0021824015860639773,0.0008514847296395155,0.8835398524220179,10000,998,9002
has_mention,twitter,openai,informative,0.0,0.0,0.8835398524220179,10000,998,9002
has_url,twitter,openai,informative,0.015164391495803066,0.015639326602566776,0.8835398524220179,10000,998,9002
polarization_score,twitter,openai,informative,0.04460530556901988,0.03146665489152342,0.8835398524220179,10000,998,9002
controversy_level,twitter,openai,informative,0.007208368231171254,0.004328533625791419,0.8835398524220179,10000,998,9002
primary_topic,twitter,openai,informative,0.05605829784926929,0.05151512424030308,0.8835398524220179,10000,998,9002
toxicity,twitter,openai,informative,0.09613334755394613,0.05440103596165759,0.8835398524220179,10000,998,9002
severe_toxicity,twitter,openai,informative,0.08054217312277626,0.0297709657905825,0.8835398524220179,10000,998,9002
author_gender,twitter,openai,controversial,0.016176497402156934,0.013028062017655436,0.8856804444444445,10000,1000,9000
author_political_leaning,twitter,openai,controversial,0.04685701939831106,0.050254425367965705,0.8856804444444445,10000,1000,9000
author_is_minority,twitter,openai,controversial,0.008870741518932317,0.010693549759290537,0.8856804444444445,10000,1000,9000
text_length,twitter,openai,controversial,0.30624732788829956,0.22377663484457633,0.8856804444444445,10000,1000,9000
avg_word_length,twitter,openai,controversial,0.09041890462432789,0.06165939537508121,0.8856804444444445,10000,1000,9000
sentiment_polarity,twitter,openai,controversial,0.09087673420079133,0.05453245833823234,0.8856804444444445,10000,1000,9000
sentiment_subjectivity,twitter,openai,controversial,0.07834495478548802,0.04249497799642908,0.8856804444444445,10000,1000,9000
has_emoji,twitter,openai,controversial,0.010885629110046336,0.01440583624324783,0.8856804444444445,10000,1000,9000
has_hashtag,twitter,openai,controversial,0.002959412613945298,0.0014213099319365697,0.8856804444444445,10000,1000,9000
has_mention,twitter,openai,controversial,0.0,0.0,0.8856804444444445,10000,1000,9000
has_url,twitter,openai,controversial,0.004867240092214978,0.0028957759255707808,0.8856804444444445,10000,1000,9000
polarization_score,twitter,openai,controversial,0.11394329876426404,0.08392558084095113,0.8856804444444445,10000,1000,9000
controversy_level,twitter,openai,controversial,0.01972929151555932,0.013609633609641719,0.8856804444444445,10000,1000,9000
primary_topic,twitter,openai,controversial,0.06772344828718274,0.07220720862139307,0.8856804444444445,10000,1000,9000
toxicity,twitter,openai,controversial,0.0739011377039001,0.03121855714173121,0.8856804444444445,10000,1000,9000
severe_toxicity,twitter,openai,controversial,0.06819836209458022,0.03175509795050642,0.8856804444444445,10000,1000,9000
author_gender,twitter,openai,neutral,0.016617447867378867,0.011561504181654587,0.8799241970556269,10000,999,9001
author_political_leaning,twitter,openai,neutral,0.03494767435840328,0.033466449464709724,0.8799241970556269,10000,999,9001
author_is_minority,twitter,openai,neutral,0.010806337605795899,0.018114697069662213,0.8799241970556269,10000,999,9001
text_length,twitter,openai,neutral,0.2995852787638628,0.22478032763276667,0.8799241970556269,10000,999,9001
avg_word_length,twitter,openai,neutral,0.08741386200762051,0.05627580975931759,0.8799241970556269,10000,999,9001
sentiment_polarity,twitter,openai,neutral,0.10726709626883636,0.06513855471941223,0.8799241970556269,10000,999,9001
sentiment_subjectivity,twitter,openai,neutral,0.0777788991202935,0.03982729418607667,0.8799241970556269,10000,999,9001
has_emoji,twitter,openai,neutral,0.00706904385197661,0.005205706922217869,0.8799241970556269,10000,999,9001
has_hashtag,twitter,openai,neutral,0.0020033309706147654,0.0007998246540377063,0.8799241970556269,10000,999,9001
has_mention,twitter,openai,neutral,0.0,0.0,0.8799241970556269,10000,999,9001
has_url,twitter,openai,neutral,0.006808910832363555,0.0037343268965214964,0.8799241970556269,10000,999,9001
polarization_score,twitter,openai,neutral,0.10932762129479599,0.08231426166077488,0.8799241970556269,10000,999,9001
controversy_level,twitter,openai,neutral,0.01559173779221736,0.008811325105740434,0.8799241970556269,10000,999,9001
primary_topic,twitter,openai,neutral,0.0743596643200034,0.07224190420147682,0.8799241970556269,10000,999,9001
toxicity,twitter,openai,neutral,0.073831270484376,0.032962291327159374,0.8799241970556269,10000,999,9001
severe_toxicity,twitter,openai,neutral,0.07659182446146104,0.040520915966528195,0.8799241970556269,10000,999,9001
author_gender,twitter,anthropic,general,0.028178970021921004,0.049035124210030014,0.9203601028566094,10000,997,9003
author_political_leaning,twitter,anthropic,general,0.047038388000052105,0.0693239821368157,0.9203601028566094,10000,997,9003
author_is_minority,twitter,anthropic,general,0.006255749031241158,0.007407914935760393,0.9203601028566094,10000,997,9003
text_length,twitter,anthropic,general,0.35339114254141024,0.2918307633604413,0.9203601028566094,10000,997,9003
avg_word_length,twitter,anthropic,general,0.09961901631641756,0.06762330750020284,0.9203601028566094,10000,997,9003
sentiment_polarity,twitter,anthropic,general,0.06353434222057362,0.03601796655470402,0.9203601028566094,10000,997,9003
sentiment_subjectivity,twitter,anthropic,general,0.09559321737895073,0.06250898546786761,0.9203601028566094,10000,997,9003
has_emoji,twitter,anthropic,general,0.006956575711226261,0.008857709963746638,0.9203601028566094,10000,997,9003
has_hashtag,twitter,anthropic,general,0.0008982450800917298,0.0004921587488649235,0.9203601028566094,10000,997,9003
has_mention,twitter,anthropic,general,0.0,0.0,0.9203601028566094,10000,997,9003
has_url,twitter,anthropic,general,0.009067169637204673,0.011089024603715044,0.9203601028566094,10000,997,9003
polarization_score,twitter,anthropic,general,0.014299555314211955,0.015797544850233526,0.9203601028566094,10000,997,9003
controversy_level,twitter,anthropic,general,0.003113739739566041,0.0019726019890618516,0.9203601028566094,10000,997,9003
primary_topic,twitter,anthropic,general,0.09733123247427809,0.09996410833244875,0.9203601028566094,10000,997,9003
toxicity,twitter,anthropic,general,0.09753679878374495,0.05428419671102258,0.9203601028566094,10000,997,9003
severe_toxicity,twitter,anthropic,general,0.07718585774910992,0.043925003752382175,0.9203601028566094,10000,997,9003
author_gender,twitter,anthropic,popular,0.03651597103767835,0.03714327124276008,0.8839134101327191,10000,999,9001
author_political_leaning,twitter,anthropic,popular,0.07391250200298569,0.08051788866952263,0.8839134101327191,10000,999,9001
author_is_minority,twitter,anthropic,popular,0.00981635736753325,0.005464938925008241,0.8839134101327191,10000,999,9001
text_length,twitter,anthropic,popular,0.16313569151299376,0.10081700170278211,0.8839134101327191,10000,999,9001
avg_word_length,twitter,anthropic,popular,0.11326999625842919,0.030711823264072395,0.8839134101327191,10000,999,9001
sentiment_polarity,twitter,anthropic,popular,0.11504819604733792,0.05334624670945888,0.8839134101327191,10000,999,9001
sentiment_subjectivity,twitter,anthropic,popular,0.10097843906681633,0.030539672034115,0.8839134101327191,10000,999,9001
has_emoji,twitter,anthropic,popular,0.03621994184553415,0.035886681540712936,0.8839134101327191,10000,999,9001
has_hashtag,twitter,anthropic,popular,0.003012389747478697,0.0009775014291966845,0.8839134101327191,10000,999,9001
has_mention,twitter,anthropic,popular,0.0,0.0,0.8839134101327191,10000,999,9001
has_url,twitter,anthropic,popular,0.02641085101965793,0.016949697234851666,0.8839134101327191,10000,999,9001
polarization_score,twitter,anthropic,popular,0.02991042168080572,0.02815620825416783,0.8839134101327191,10000,999,9001
controversy_level,twitter,anthropic,popular,0.004805418288326212,0.002442063248435995,0.8839134101327191,10000,999,9001
primary_topic,twitter,anthropic,popular,0.07948365222937805,0.07915926644706603,0.8839134101327191,10000,999,9001
toxicity,twitter,anthropic,popular,0.10553736434047087,0.03241978690079564,0.8839134101327191,10000,999,9001
severe_toxicity,twitter,anthropic,popular,0.10194280755457388,0.030457422918654355,0.8839134101327191,10000,999,9001
author_gender,twitter,anthropic,engaging,0.013743015782891213,0.012221612438329796,0.9232231496859418,10000,989,9011
author_political_leaning,twitter,anthropic,engaging,0.03367259677064115,0.043501445755709,0.9232231496859418,10000,989,9011
author_is_minority,twitter,anthropic,engaging,0.0060016403178939975,0.006939377418111701,0.9232231496859418,10000,989,9011
text_length,twitter,anthropic,engaging,0.2548852737740655,0.23405043363290948,0.9232231496859418,10000,989,9011
avg_word_length,twitter,anthropic,engaging,0.08060575317987796,0.0751329555932347,0.9232231496859418,10000,989,9011
sentiment_polarity,twitter,anthropic,engaging,0.087280793373153,0.05959087306436234,0.9232231496859418,10000,989,9011
sentiment_subjectivity,twitter,anthropic,engaging,0.05798264187864048,0.03089573630333825,0.9232231496859418,10000,989,9011
has_emoji,twitter,anthropic,engaging,0.007707683549505193,0.009614847352986086,0.9232231496859418,10000,989,9011
has_hashtag,twitter,anthropic,engaging,0.0014732632831037447,0.0008671872001274536,0.9232231496859418,10000,989,9011
has_mention,twitter,anthropic,engaging,0.0,0.0,0.9232231496859418,10000,989,9011
has_url,twitter,anthropic,engaging,0.004983242609610254,0.0031346043984297666,0.9232231496859418,10000,989,9011
polarization_score,twitter,anthropic,engaging,0.08932311659352131,0.08621289166380683,0.9232231496859418,10000,989,9011
controversy_level,twitter,anthropic,engaging,0.008709282633414292,0.006954185136288284,0.9232231496859418,10000,989,9011
primary_topic,twitter,anthropic,engaging,0.07884836474374984,0.08415250870409154,0.9232231496859418,10000,989,9011
toxicity,twitter,anthropic,engaging,0.1489819717133735,0.12065330158975704,0.9232231496859418,10000,989,9011
severe_toxicity,twitter,anthropic,engaging,0.12580135979655852,0.08726879686917707,0.9232231496859418,10000,989,9011
author_gender,twitter,anthropic,informative,0.013796787738670435,0.02208476850214498,0.9449719874175864,10000,988,9012
author_political_leaning,twitter,anthropic,informative,0.02547605631234856,0.036048427109345825,0.9449719874175864,10000,988,9012
author_is_minority,twitter,anthropic,informative,0.004479931628355227,0.0061645578108147515,0.9449719874175864,10000,988,9012
text_length,twitter,anthropic,informative,0.4165165599919736,0.35360499224535624,0.9449719874175864,10000,988,9012
avg_word_length,twitter,anthropic,informative,0.09917992949780059,0.09227784261262864,0.9449719874175864,10000,988,9012
sentiment_polarity,twitter,anthropic,informative,0.04545354163443391,0.026184900883118763,0.9449719874175864,10000,988,9012
sentiment_subjectivity,twitter,anthropic,informative,0.11541757806695127,0.08578468836177522,0.9449719874175864,10000,988,9012
has_emoji,twitter,anthropic,informative,0.02026198903043794,0.036389768660536295,0.9449719874175864,10000,988,9012
has_hashtag,twitter,anthropic,informative,0.0012496932608540737,0.0011329268886675517,0.9449719874175864,10000,988,9012
has_mention,twitter,anthropic,informative,0.0,0.0,0.9449719874175864,10000,988,9012
has_url,twitter,anthropic,informative,0.0037858631703075263,0.006485704046246863,0.9449719874175864,10000,988,9012
polarization_score,twitter,anthropic,informative,0.010062204831636442,0.007850815894967035,0.9449719874175864,10000,988,9012
controversy_level,twitter,anthropic,informative,0.0035940926416855494,0.0031773723128261976,0.9449719874175864,10000,988,9012
primary_topic,twitter,anthropic,informative,0.06455901012276985,0.06986267944091229,0.9449719874175864,10000,988,9012
toxicity,twitter,anthropic,informative,0.09875698352718368,0.07962079870164254,0.9449719874175864,10000,988,9012
severe_toxicity,twitter,anthropic,informative,0.07740977854459137,0.05695043596067942,0.9449719874175864,10000,988,9012
author_gender,twitter,anthropic,controversial,0.009944817859001438,0.01108401355905157,0.9472865555555555,10000,1000,9000
author_political_leaning,twitter,anthropic,controversial,0.03845726856353528,0.059938421715166224,0.9472865555555555,10000,1000,9000
author_is_minority,twitter,anthropic,controversial,0.003144035121352892,0.002459408543135113,0.9472865555555555,10000,1000,9000
text_length,twitter,anthropic,controversial,0.40615999890876153,0.36495830287795006,0.9472865555555555,10000,1000,9000
avg_word_length,twitter,anthropic,controversial,0.1126179492162435,0.11117719323733383,0.9472865555555555,10000,1000,9000
sentiment_polarity,twitter,anthropic,controversial,0.053621909632520004,0.044943500575967854,0.9472865555555555,10000,1000,9000
sentiment_subjectivity,twitter,anthropic,controversial,0.09171560037991869,0.07583853312988234,0.9472865555555555,10000,1000,9000
has_emoji,twitter,anthropic,controversial,0.012494866963551893,0.024382509920748266,0.9472865555555555,10000,1000,9000
has_hashtag,twitter,anthropic,controversial,0.006189074279818514,0.006897303722650273,0.9472865555555555,10000,1000,9000
has_mention,twitter,anthropic,controversial,0.0,0.0,0.9472865555555555,10000,1000,9000
has_url,twitter,anthropic,controversial,0.008353657180711146,0.01925174353537802,0.9472865555555555,10000,1000,9000
polarization_score,twitter,anthropic,controversial,0.08132219876001581,0.07471607983919229,0.9472865555555555,10000,1000,9000
controversy_level,twitter,anthropic,controversial,0.015324461717280951,0.016022657620367003,0.9472865555555555,10000,1000,9000
primary_topic,twitter,anthropic,controversial,0.08746649603617875,0.09704819614434282,0.9472865555555555,10000,1000,9000
toxicity,twitter,anthropic,controversial,0.040624089556441284,0.022013948838482924,0.9472865555555555,10000,1000,9000
severe_toxicity,twitter,anthropic,controversial,0.03256357582466832,0.01759295303463984,0.9472865555555555,10000,1000,9000
author_gender,twitter,anthropic,neutral,0.01040897241163527,0.014207505477633763,0.9356520168652154,10000,999,9001
author_political_leaning,twitter,anthropic,neutral,0.016559350121505594,0.023595431984177944,0.9356520168652154,10000,999,9001
author_is_minority,twitter,anthropic,neutral,0.0027426435452851576,0.0034213848185449193,0.9356520168652154,10000,999,9001
text_length,twitter,anthropic,neutral,0.49190316833103936,0.41902271157890664,0.9356520168652154,10000,999,9001
avg_word_length,twitter,anthropic,neutral,0.09266787405068833,0.08764297323209369,0.9356520168652154,10000,999,9001
sentiment_polarity,twitter,anthropic,neutral,0.03789992820487986,0.026399830853079148,0.9356520168652154,10000,999,9001
sentiment_subjectivity,twitter,anthropic,neutral,0.09500334858042317,0.07445516786277298,0.9356520168652154,10000,999,9001
has_emoji,twitter,anthropic,neutral,0.013060514365475616,0.02806483328600152,0.9356520168652154,10000,999,9001
has_hashtag,twitter,anthropic,neutral,0.0017901001422935283,0.0010852647561110584,0.9356520168652154,10000,999,9001
has_mention,twitter,anthropic,neutral,0.0,0.0,0.9356520168652154,10000,999,9001
has_url,twitter,anthropic,neutral,0.00421542706471536,0.0067954992763013975,0.9356520168652154,10000,999,9001
polarization_score,twitter,anthropic,neutral,0.04086978922421424,0.04025109995072601,0.9356520168652154,10000,999,9001
controversy_level,twitter,anthropic,neutral,0.01024536400076554,0.012179970891410478,0.9356520168652154,10000,999,9001
primary_topic,twitter,anthropic,neutral,0.07906730234209648,0.08490923973890115,0.9356520168652154,10000,999,9001
toxicity,twitter,anthropic,neutral,0.05724225068759964,0.052557406721768576,0.9356520168652154,10000,999,9001
severe_toxicity,twitter,anthropic,neutral,0.04632396692738274,0.027237432239069725,0.9356520168652154,10000,999,9001
author_gender,twitter,gemini,general,0.02847859155806739,0.012136085840733996,0.8652371495521907,10000,977,9023
author_political_leaning,twitter,gemini,general,0.054819508602852535,0.04275126464734398,0.8652371495521907,10000,977,9023
author_is_minority,twitter,gemini,general,0.013948371021051422,0.010611201409344816,0.8652371495521907,10000,977,9023
text_length,twitter,gemini,general,0.12647377724913278,0.05353020673181661,0.8652371495521907,10000,977,9023
avg_word_length,twitter,gemini,general,0.12425835500511721,0.053150077268540305,0.8652371495521907,10000,977,9023
sentiment_polarity,twitter,gemini,general,0.12141949561057368,0.053380143063343266,0.8652371495521907,10000,977,9023
sentiment_subjectivity,twitter,gemini,general,0.08445612235564887,0.02056976084825586,0.8652371495521907,10000,977,9023
has_emoji,twitter,gemini,general,0.009002825484805304,0.0030204821791858243,0.8652371495521907,10000,977,9023
has_hashtag,twitter,gemini,general,0.011705494113845463,0.005512235577096399,0.8652371495521907,10000,977,9023
has_mention,twitter,gemini,general,0.0,0.0,0.8652371495521907,10000,977,9023
has_url,twitter,gemini,general,0.04666949307189808,0.04707036927411891,0.8652371495521907,10000,977,9023
polarization_score,twitter,gemini,general,0.020054086429835884,0.007870857823341305,0.8652371495521907,10000,977,9023
controversy_level,twitter,gemini,general,0.005561753685893039,0.0018714800271939537,0.8652371495521907,10000,977,9023
primary_topic,twitter,gemini,general,0.038906822576596854,0.03215646019235382,0.8652371495521907,10000,977,9023
toxicity,twitter,gemini,general,0.16378790720472164,0.06278232334411316,0.8652371495521907,10000,977,9023
severe_toxicity,twitter,gemini,general,0.15045739602996003,0.0505704854375818,0.8652371495521907,10000,977,9023
author_gender,twitter,gemini,popular,0.032352649072718925,0.022468651190712938,0.8629698759110525,10000,935,9065
author_political_leaning,twitter,gemini,popular,0.047023375243532436,0.018306402580964425,0.8629698759110525,10000,935,9065
author_is_minority,twitter,gemini,popular,0.00979834320204498,0.005028081953132226,0.8629698759110525,10000,935,9065
text_length,twitter,gemini,popular,0.12778121596828926,0.0417627894995759,0.8629698759110525,10000,935,9065
avg_word_length,twitter,gemini,popular,0.14984959404363205,0.047592050629659904,0.8629698759110525,10000,935,9065
sentiment_polarity,twitter,gemini,popular,0.11780090183024267,0.04541672576194133,0.8629698759110525,10000,935,9065
sentiment_subjectivity,twitter,gemini,popular,0.11755887656023205,0.037824691339620714,0.8629698759110525,10000,935,9065
has_emoji,twitter,gemini,popular,0.03222472627613654,0.020765041578908815,0.8629698759110525,10000,935,9065
has_hashtag,twitter,gemini,popular,0.008681764978965239,0.003419099677586393,0.8629698759110525,10000,935,9065
has_mention,twitter,gemini,popular,0.0,0.0,0.8629698759110525,10000,935,9065
has_url,twitter,gemini,popular,0.022301502545925903,0.01990190679668568,0.8629698759110525,10000,935,9065
polarization_score,twitter,gemini,popular,0.017167670711040584,0.005714650068588913,0.8629698759110525,10000,935,9065
controversy_level,twitter,gemini,popular,0.008027910015799278,0.004823896960600946,0.8629698759110525,10000,935,9065
primary_topic,twitter,gemini,popular,0.04464289744572891,0.022645524422165098,0.8629698759110525,10000,935,9065
toxicity,twitter,gemini,popular,0.14264228371672796,0.059882675405747515,0.8629698759110525,10000,935,9065
severe_toxicity,twitter,gemini,popular,0.1221462883889834,0.030617836933660127,0.8629698759110525,10000,935,9065
author_gender,twitter,gemini,engaging,0.01821321819944236,0.008712387768920575,0.8784679026133573,10000,925,9075
author_political_leaning,twitter,gemini,engaging,0.04372559111250412,0.04370262690035957,0.8784679026133573,10000,925,9075
author_is_minority,twitter,gemini,engaging,0.0075302203446743,0.0042845980600575515,0.8784679026133573,10000,925,9075
text_length,twitter,gemini,engaging,0.19783740235894742,0.13648270829043452,0.8784679026133573,10000,925,9075
avg_word_length,twitter,gemini,engaging,0.08573737419963791,0.0438475938166871,0.8784679026133573,10000,925,9075
sentiment_polarity,twitter,gemini,engaging,0.10574063944105662,0.0488816532758667,0.8784679026133573,10000,925,9075
sentiment_subjectivity,twitter,gemini,engaging,0.07982248763855478,0.031275357622860045,0.8784679026133573,10000,925,9075
has_emoji,twitter,gemini,engaging,0.007108504417006863,0.007216080420716124,0.8784679026133573,10000,925,9075
has_hashtag,twitter,gemini,engaging,0.004758534141638306,0.0026033447380053518,0.8784679026133573,10000,925,9075
has_mention,twitter,gemini,engaging,0.0,0.0,0.8784679026133573,10000,925,9075
has_url,twitter,gemini,engaging,0.008143950674178335,0.009089810777585179,0.8784679026133573,10000,925,9075
polarization_score,twitter,gemini,engaging,0.07624986500060198,0.05879266860117256,0.8784679026133573,10000,925,9075
controversy_level,twitter,gemini,engaging,0.011479402713361748,0.006383783169600762,0.8784679026133573,10000,925,9075
primary_topic,twitter,gemini,engaging,0.04487695492095671,0.03599628460885288,0.8784679026133573,10000,925,9075
toxicity,twitter,gemini,engaging,0.14167579845640282,0.06748262112487097,0.8784679026133573,10000,925,9075
severe_toxicity,twitter,gemini,engaging,0.16710005638103598,0.08975562042827166,0.8784679026133573,10000,925,9075
author_gender,twitter,gemini,informative,0.010330132231970301,0.011987660598964809,0.9361758861497176,10000,983,9017
author_political_leaning,twitter,gemini,informative,0.0301299619297631,0.03834114481835461,0.9361758861497176,10000,983,9017
author_is_minority,twitter,gemini,informative,0.003981864950757105,0.005462882834075481,0.9361758861497176,10000,983,9017
text_length,twitter,gemini,informative,0.4433769442242224,0.3755480946352272,0.9361758861497176,10000,983,9017
avg_word_length,twitter,gemini,informative,0.10507541218203399,0.10296557312698457,0.9361758861497176,10000,983,9017
sentiment_polarity,twitter,gemini,informative,0.04702009370953263,0.022442743850047506,0.9361758861497176,10000,983,9017
sentiment_subjectivity,twitter,gemini,informative,0.10143442851632911,0.07017446324911977,0.9361758861497176,10000,983,9017
has_emoji,twitter,gemini,informative,0.011886889840726686,0.022806531190416666,0.9361758861497176,10000,983,9017
has_hashtag,twitter,gemini,informative,0.001956874633921931,0.0008902663928975509,0.9361758861497176,10000,983,9017
has_mention,twitter,gemini,informative,0.0,0.0,0.9361758861497176,10000,983,9017
has_url,twitter,gemini,informative,0.013391949555778855,0.027170883491957076,0.9361758861497176,10000,983,9017
polarization_score,twitter,gemini,informative,0.01581674138345911,0.013578827218823454,0.9361758861497176,10000,983,9017
controversy_level,twitter,gemini,informative,0.003828635933990736,0.0037391653862566985,0.9361758861497176,10000,983,9017
primary_topic,twitter,gemini,informative,0.04209826706747876,0.04728150734489452,0.9361758861497176,10000,983,9017
toxicity,twitter,gemini,informative,0.09482558140381975,0.07884170577603161,0.9361758861497176,10000,983,9017
severe_toxicity,twitter,gemini,informative,0.07484622243621551,0.05194456562169483,0.9361758861497176,10000,983,9017
author_gender,twitter,gemini,controversial,0.01432903380441191,0.01537989199870798,0.9278298607353863,10000,984,9016
author_political_leaning,twitter,gemini,controversial,0.054300608338161305,0.0744474567873422,0.9278298607353863,10000,984,9016
author_is_minority,twitter,gemini,controversial,0.004351302182054817,0.003361344311834379,0.9278298607353863,10000,984,9016
text_length,twitter,gemini,controversial,0.33379599884652067,0.2795682599031214,0.9278298607353863,10000,984,9016
avg_word_length,twitter,gemini,controversial,0.08717236294958547,0.08082827632230288,0.9278298607353863,10000,984,9016
sentiment_polarity,twitter,gemini,controversial,0.07145143164179045,0.04929433567548301,0.9278298607353863,10000,984,9016
sentiment_subjectivity,twitter,gemini,controversial,0.05691364674313132,0.0377799562633557,0.9278298607353863,10000,984,9016
has_emoji,twitter,gemini,controversial,0.005923603763745916,0.008542686441008264,0.9278298607353863,10000,984,9016
has_hashtag,twitter,gemini,controversial,0.0019740587782567415,0.0014466746746080094,0.9278298607353863,10000,984,9016
has_mention,twitter,gemini,controversial,0.0,0.0,0.9278298607353863,10000,984,9016
has_url,twitter,gemini,controversial,0.003659808107710818,0.0033583922362030293,0.9278298607353863,10000,984,9016
polarization_score,twitter,gemini,controversial,0.12228437779886009,0.10594890168046575,0.9278298607353863,10000,984,9016
controversy_level,twitter,gemini,controversial,0.016477193959512335,0.014878599112601464,0.9278298607353863,10000,984,9016
primary_topic,twitter,gemini,controversial,0.07829899746582522,0.08502879584904982,0.9278298607353863,10000,984,9016
toxicity,twitter,gemini,controversial,0.08140055291687634,0.07264669999188944,0.9278298607353863,10000,984,9016
severe_toxicity,twitter,gemini,controversial,0.06766702270355658,0.05364276147321033,0.9278298607353863,10000,984,9016
author_gender,twitter,gemini,neutral,0.010096565618662501,0.009602864447202883,0.9307697617007338,10000,987,9013
author_political_leaning,twitter,gemini,neutral,0.03615386837508884,0.055647307489673434,0.9307697617007338,10000,987,9013
author_is_minority,twitter,gemini,neutral,0.0030558019448657346,0.0036412178772059207,0.9307697617007338,10000,987,9013
text_length,twitter,gemini,neutral,0.3716422793534418,0.3155472202483054,0.9307697617007338,10000,987,9013
avg_word_length,twitter,gemini,neutral,0.07618915485480234,0.07645396492444695,0.9307697617007338,10000,987,9013
sentiment_polarity,twitter,gemini,neutral,0.08292471906472633,0.06626496042810875,0.9307697617007338,10000,987,9013
sentiment_subjectivity,twitter,gemini,neutral,0.07157502410361821,0.05139743253008281,0.9307697617007338,10000,987,9013
has_emoji,twitter,gemini,neutral,0.003058048927174995,0.0024529473858771033,0.9307697617007338,10000,987,9013
has_hashtag,twitter,gemini,neutral,0.0012003790027323535,0.0007627451656485497,0.9307697617007338,10000,987,9013
has_mention,twitter,gemini,neutral,0.0,0.0,0.9307697617007338,10000,987,9013
has_url,twitter,gemini,neutral,0.0053699282858431585,0.006158311124899229,0.9307697617007338,10000,987,9013
polarization_score,twitter,gemini,neutral,0.12058591526868363,0.1030002958619303,0.9307697617007338,10000,987,9013
controversy_level,twitter,gemini,neutral,0.010782849017846046,0.0106744018613739,0.9307697617007338,10000,987,9013
primary_topic,twitter,gemini,neutral,0.05399740479273184,0.06039876652315244,0.9307697617007338,10000,987,9013
toxicity,twitter,gemini,neutral,0.07285266437227716,0.06364671742718411,0.9307697617007338,10000,987,9013
severe_toxicity,twitter,gemini,neutral,0.08051539701750526,0.07697243325990964,0.9307697617007338,10000,987,9013
author_gender,bluesky,openai,general,0.025684715395206347,0.016299260124881938,0.813249,10000,1000,9000
author_political_leaning,bluesky,openai,general,0.031767636616970275,0.01719902995603225,0.813249,10000,1000,9000
author_is_minority,bluesky,openai,general,0.03363533479960991,0.03266049688840695,0.813249,10000,1000,9000
text_length,bluesky,openai,general,0.16698459212919017,0.07030406727449853,0.813249,10000,1000,9000
avg_word_length,bluesky,openai,general,0.11660629828380961,0.03062530472587896,0.813249,10000,1000,9000
sentiment_polarity,bluesky,openai,general,0.1069342997712863,0.020490951041169353,0.813249,10000,1000,9000
sentiment_subjectivity,bluesky,openai,general,0.11389348837669323,0.029415896740515732,0.813249,10000,1000,9000
has_emoji,bluesky,openai,general,0.006842199948105107,0.00186603700416898,0.813249,10000,1000,9000
has_hashtag,bluesky,openai,general,0.008191208283186917,0.0026572447494136197,0.813249,10000,1000,9000
has_mention,bluesky,openai,general,0.006718301854916098,0.004244917883566379,0.813249,10000,1000,9000
has_url,bluesky,openai,general,0.0,0.0,0.813249,10000,1000,9000
polarization_score,bluesky,openai,general,0.061843646197697326,0.04959343469963545,0.813249,10000,1000,9000
controversy_level,bluesky,openai,general,0.011623175758615979,0.003806784196100455,0.813249,10000,1000,9000
primary_topic,bluesky,openai,general,0.05528525780376277,0.0388225626355126,0.813249,10000,1000,9000
toxicity,bluesky,openai,general,0.13400283653903666,0.027859992010711855,0.813249,10000,1000,9000
severe_toxicity,bluesky,openai,general,0.11998700824191302,0.023865346447921616,0.813249,10000,1000,9000
author_gender,bluesky,openai,popular,0.017532563560340334,0.011373793001923281,0.8206196111111111,10000,1000,9000
author_political_leaning,bluesky,openai,popular,0.035843916548269544,0.019268188740868726,0.8206196111111111,10000,1000,9000
author_is_minority,bluesky,openai,popular,0.06446707563811109,0.05428821300540024,0.8206196111111111,10000,1000,9000
text_length,bluesky,openai,popular,0.13432206774110864,0.035569995998453605,0.8206196111111111,10000,1000,9000
avg_word_length,bluesky,openai,popular,0.11636968231739124,0.020372425778871557,0.8206196111111111,10000,1000,9000
sentiment_polarity,bluesky,openai,popular,0.10957050338551715,0.019440522402972303,0.8206196111111111,10000,1000,9000
sentiment_subjectivity,bluesky,openai,popular,0.12770239657618898,0.047496819077107046,0.8206196111111111,10000,1000,9000
has_emoji,bluesky,openai,popular,0.00876078836985724,0.002134875936622544,0.8206196111111111,10000,1000,9000
has_hashtag,bluesky,openai,popular,0.006999886696232761,0.0015319261928659809,0.8206196111111111,10000,1000,9000
has_mention,bluesky,openai,popular,0.005035648227949212,0.002408713850947126,0.8206196111111111,10000,1000,9000
has_url,bluesky,openai,popular,0.0,0.0,0.8206196111111111,10000,1000,9000
polarization_score,bluesky,openai,popular,0.05022590747033518,0.039059069461528345,0.8206196111111111,10000,1000,9000
controversy_level,bluesky,openai,popular,0.015255163092227032,0.0049621951853398415,0.8206196111111111,10000,1000,9000
primary_topic,bluesky,openai,popular,0.060023054161168356,0.036518882983517985,0.8206196111111111,10000,1000,9000
toxicity,bluesky,openai,popular,0.13322939101219375,0.029066410530491756,0.8206196111111111,10000,1000,9000
severe_toxicity,bluesky,openai,popular,0.1146619552031097,0.026869037135876576,0.8206196111111111,10000,1000,9000
author_gender,bluesky,openai,engaging,0.02649796281891294,0.01936589091043394,0.8280451321224569,10000,999,9001
author_political_leaning,bluesky,openai,engaging,0.02016211769501105,0.011782987054242026,0.8280451321224569,10000,999,9001
author_is_minority,bluesky,openai,engaging,0.051537497621251156,0.04685477964667335,0.8280451321224569,10000,999,9001
text_length,bluesky,openai,engaging,0.13586948078874395,0.052617359796172256,0.8280451321224569,10000,999,9001
avg_word_length,bluesky,openai,engaging,0.1182411268607601,0.022609612304231686,0.8280451321224569,10000,999,9001
sentiment_polarity,bluesky,openai,engaging,0.11120991419682463,0.020301522715708585,0.8280451321224569,10000,999,9001
sentiment_subjectivity,bluesky,openai,engaging,0.11181592813830235,0.03585883108881535,0.8280451321224569,10000,999,9001
has_emoji,bluesky,openai,engaging,0.012461150630356025,0.006049149127752787,0.8280451321224569,10000,999,9001
has_hashtag,bluesky,openai,engaging,0.010087915450169654,0.004952190055514629,0.8280451321224569,10000,999,9001
has_mention,bluesky,openai,engaging,0.002919542888149586,0.0017050369587067265,0.8280451321224569,10000,999,9001
has_url,bluesky,openai,engaging,0.0,0.0,0.8280451321224569,10000,999,9001
polarization_score,bluesky,openai,engaging,0.05058603244774668,0.03856256208619327,0.8280451321224569,10000,999,9001
controversy_level,bluesky,openai,engaging,0.015839079019019334,0.006760729066492308,0.8280451321224569,10000,999,9001
primary_topic,bluesky,openai,engaging,0.06499015038597314,0.04641353275274071,0.8280451321224569,10000,999,9001
toxicity,bluesky,openai,engaging,0.14985716122718884,0.05384077852105333,0.8280451321224569,10000,999,9001
severe_toxicity,bluesky,openai,engaging,0.1179249398315904,0.022905559475826256,0.8280451321224569,10000,999,9001
author_gender,bluesky,openai,informative,0.0277904016807904,0.021319082185995063,0.8375374444444446,10000,1000,9000
author_political_leaning,bluesky,openai,informative,0.019326852824683712,0.013574513744327664,0.8375374444444446,10000,1000,9000
author_is_minority,bluesky,openai,informative,0.011333678006697509,0.007916109464205217,0.8375374444444446,10000,1000,9000
text_length,bluesky,openai,informative,0.23884309339979118,0.1561284973984648,0.8375374444444446,10000,1000,9000
avg_word_length,bluesky,openai,informative,0.17671129320956133,0.08827835619629854,0.8375374444444446,10000,1000,9000
sentiment_polarity,bluesky,openai,informative,0.07623833662084165,0.01955478582367986,0.8375374444444446,10000,1000,9000
sentiment_subjectivity,bluesky,openai,informative,0.08832982534499503,0.021407098066349613,0.8375374444444446,10000,1000,9000
has_emoji,bluesky,openai,informative,0.006017898265818429,0.004499171383843478,0.8375374444444446,10000,1000,9000
has_hashtag,bluesky,openai,informative,0.0159674441191513,0.010672034145695293,0.8375374444444446,10000,1000,9000
has_mention,bluesky,openai,informative,0.002433671639421121,0.001344266628457145,0.8375374444444446,10000,1000,9000
has_url,bluesky,openai,informative,0.0,0.0,0.8375374444444446,10000,1000,9000
polarization_score,bluesky,openai,informative,0.02004374960927196,0.006121406112984868,0.8375374444444446,10000,1000,9000
controversy_level,bluesky,openai,informative,0.01226041479916316,0.010506446012777757,0.8375374444444446,10000,1000,9000
primary_topic,bluesky,openai,informative,0.032335192169548985,0.016457210679650426,0.8375374444444446,10000,1000,9000
toxicity,bluesky,openai,informative,0.14997813959047826,0.08951009315199572,0.8375374444444446,10000,1000,9000
severe_toxicity,bluesky,openai,informative,0.122390008719786,0.045778301236138755,0.8375374444444446,10000,1000,9000
author_gender,bluesky,openai,controversial,0.020191705706047728,0.015192775931792472,0.8244083333333334,10000,1000,9000
author_political_leaning,bluesky,openai,controversial,0.024560077447158896,0.01579285876372892,0.8244083333333334,10000,1000,9000
author_is_minority,bluesky,openai,controversial,0.03707345444910073,0.03504596649053934,0.8244083333333334,10000,1000,9000
text_length,bluesky,openai,controversial,0.17728655391285805,0.09465118840887682,0.8244083333333334,10000,1000,9000
avg_word_length,bluesky,openai,controversial,0.11789744055562937,0.04174409219270277,0.8244083333333334,10000,1000,9000
sentiment_polarity,bluesky,openai,controversial,0.11151510863937635,0.038014758004917576,0.8244083333333334,10000,1000,9000
sentiment_subjectivity,bluesky,openai,controversial,0.09854257977037326,0.035071019116938704,0.8244083333333334,10000,1000,9000
has_emoji,bluesky,openai,controversial,0.008818532760013693,0.00467818196208232,0.8244083333333334,10000,1000,9000
has_hashtag,bluesky,openai,controversial,0.005247458564822782,0.002276483461403541,0.8244083333333334,10000,1000,9000
has_mention,bluesky,openai,controversial,0.008063468987909609,0.005060532889465987,0.8244083333333334,10000,1000,9000
has_url,bluesky,openai,controversial,0.0,0.0,0.8244083333333334,10000,1000,9000
polarization_score,bluesky,openai,controversial,0.06848325747708266,0.05682461179832878,0.8244083333333334,10000,1000,9000
controversy_level,bluesky,openai,controversial,0.01738058371866484,0.0071461080974303155,0.8244083333333334,10000,1000,9000
primary_topic,bluesky,openai,controversial,0.061255015857826986,0.05191200879597563,0.8244083333333334,10000,1000,9000
toxicity,bluesky,openai,controversial,0.1442084378035905,0.07299712633298819,0.8244083333333334,10000,1000,9000
severe_toxicity,bluesky,openai,controversial,0.09947632434954462,0.023023015533455607,0.8244083333333334,10000,1000,9000
author_gender,bluesky,openai,neutral,0.04586930098113548,0.029587478945550506,0.8144163888888889,10000,1000,9000
author_political_leaning,bluesky,openai,neutral,0.03318180459726083,0.022104620305523424,0.8144163888888889,10000,1000,9000
author_is_minority,bluesky,openai,neutral,0.06820345774770274,0.05728077467025987,0.8144163888888889,10000,1000,9000
text_length,bluesky,openai,neutral,0.15240873393902712,0.07387698825924112,0.8144163888888889,10000,1000,9000
avg_word_length,bluesky,openai,neutral,0.09689803230120864,0.021375107966752037,0.8144163888888889,10000,1000,9000
sentiment_polarity,bluesky,openai,neutral,0.10217677633533571,0.02971021564008121,0.8144163888888889,10000,1000,9000
sentiment_subjectivity,bluesky,openai,neutral,0.10059615253176486,0.03702711796858714,0.8144163888888889,10000,1000,9000
has_emoji,bluesky,openai,neutral,0.00946697664417637,0.005192447007809575,0.8144163888888889,10000,1000,9000
has_hashtag,bluesky,openai,neutral,0.0050927400387485566,0.0013930839813541406,0.8144163888888889,10000,1000,9000
has_mention,bluesky,openai,neutral,0.004863824558999674,0.0027566314843364883,0.8144163888888889,10000,1000,9000
has_url,bluesky,openai,neutral,0.0,0.0,0.8144163888888889,10000,1000,9000
polarization_score,bluesky,openai,neutral,0.06566111179349192,0.045796859531624476,0.8144163888888889,10000,1000,9000
controversy_level,bluesky,openai,neutral,0.014069557290096533,0.004974970811610272,0.8144163888888889,10000,1000,9000
primary_topic,bluesky,openai,neutral,0.0904126349853227,0.07164479298740321,0.8144163888888889,10000,1000,9000
toxicity,bluesky,openai,neutral,0.10758258832743253,0.02856619631911132,0.8144163888888889,10000,1000,9000
severe_toxicity,bluesky,openai,neutral,0.10351630792829641,0.01934990658742987,0.8144163888888889,10000,1000,9000
author_gender,bluesky,anthropic,general,0.025834214591965127,0.01792151009061673,0.8641233040452023,10000,997,9003
author_political_leaning,bluesky,anthropic,general,0.02282516693663406,0.014807145767072403,0.8641233040452023,10000,997,9003
author_is_minority,bluesky,anthropic,general,0.02034653198530842,0.017300421654990107,0.8641233040452023,10000,997,9003
text_length,bluesky,anthropic,general,0.1494576452013807,0.06303016958089663,0.8641233040452023,10000,997,9003
avg_word_length,bluesky,anthropic,general,0.1631176575825099,0.08999737819110953,0.8641233040452023,10000,997,9003
sentiment_polarity,bluesky,anthropic,general,0.11820873535023727,0.0366792938204011,0.8641233040452023,10000,997,9003
sentiment_subjectivity,bluesky,anthropic,general,0.10657412654133086,0.02451688066100387,0.8641233040452023,10000,997,9003
has_emoji,bluesky,anthropic,general,0.00820329905369318,0.002463488193357178,0.8641233040452023,10000,997,9003
has_hashtag,bluesky,anthropic,general,0.006951104542548187,0.0036167897668961412,0.8641233040452023,10000,997,9003
has_mention,bluesky,anthropic,general,0.002222241819820547,0.0011499951942331465,0.8641233040452023,10000,997,9003
has_url,bluesky,anthropic,general,0.0,0.0,0.8641233040452023,10000,997,9003
polarization_score,bluesky,anthropic,general,0.037064966531829883,0.027088184398745836,0.8641233040452023,10000,997,9003
controversy_level,bluesky,anthropic,general,0.01050113727477995,0.005417638707161992,0.8641233040452023,10000,997,9003
primary_topic,bluesky,anthropic,general,0.04107788081253517,0.03366923480928057,0.8641233040452023,10000,997,9003
toxicity,bluesky,anthropic,general,0.1491614435189528,0.03990633739325593,0.8641233040452023,10000,997,9003
severe_toxicity,bluesky,anthropic,general,0.13845384825647403,0.04215174286550151,0.8641233040452023,10000,997,9003
author_gender,bluesky,anthropic,popular,0.013251488921931627,0.011769382073767536,0.867419261415017,10000,989,9011
author_political_leaning,bluesky,anthropic,popular,0.015348218838314633,0.012469017159180008,0.867419261415017,10000,989,9011
author_is_minority,bluesky,anthropic,popular,0.0550573635908706,0.05178390382317513,0.867419261415017,10000,989,9011
text_length,bluesky,anthropic,popular,0.16483286019416316,0.1104966660278369,0.867419261415017,10000,989,9011
avg_word_length,bluesky,anthropic,popular,0.10367832687776671,0.024921908397570795,0.867419261415017,10000,989,9011
sentiment_polarity,bluesky,anthropic,popular,0.09969360474662813,0.03200240509578964,0.867419261415017,10000,989,9011
sentiment_subjectivity,bluesky,anthropic,popular,0.09323676052851619,0.02545519230199432,0.867419261415017,10000,989,9011
has_emoji,bluesky,anthropic,popular,0.012084157126912845,0.0064407580250660295,0.867419261415017,10000,989,9011
has_hashtag,bluesky,anthropic,popular,0.009258712340450443,0.003075853523528611,0.867419261415017,10000,989,9011
has_mention,bluesky,anthropic,popular,0.010292808284366272,0.007028079108250484,0.867419261415017,10000,989,9011
has_url,bluesky,anthropic,popular,0.0,0.0,0.867419261415017,10000,989,9011
polarization_score,bluesky,anthropic,popular,0.026052080437502744,0.01381458263036077,0.867419261415017,10000,989,9011
controversy_level,bluesky,anthropic,popular,0.010168310919514215,0.004778891868826335,0.867419261415017,10000,989,9011
primary_topic,bluesky,anthropic,popular,0.03948362918633165,0.03628467958129013,0.867419261415017,10000,989,9011
toxicity,bluesky,anthropic,popular,0.1870504114099057,0.09871309875639334,0.867419261415017,10000,989,9011
severe_toxicity,bluesky,anthropic,popular,0.16051126659682502,0.08417476000303818,0.867419261415017,10000,989,9011
author_gender,bluesky,anthropic,engaging,0.03589570164871602,0.025910036188691254,0.8588568109737794,10000,986,9014
author_political_leaning,bluesky,anthropic,engaging,0.03490237501150578,0.02822730639058938,0.8588568109737794,10000,986,9014
author_is_minority,bluesky,anthropic,engaging,0.0782349082772908,0.0676128003552834,0.8588568109737794,10000,986,9014
text_length,bluesky,anthropic,engaging,0.08845271673473051,0.03428854667349031,0.8588568109737794,10000,986,9014
avg_word_length,bluesky,anthropic,engaging,0.08357135322716726,0.03010811519035162,0.8588568109737794,10000,986,9014
sentiment_polarity,bluesky,anthropic,engaging,0.09534120667458945,0.04380122440647409,0.8588568109737794,10000,986,9014
sentiment_subjectivity,bluesky,anthropic,engaging,0.07250745990597104,0.025631096235531094,0.8588568109737794,10000,986,9014
has_emoji,bluesky,anthropic,engaging,0.008625594515812234,0.00592213192338919,0.8588568109737794,10000,986,9014
has_hashtag,bluesky,anthropic,engaging,0.006708503268905834,0.0029734084394188887,0.8588568109737794,10000,986,9014
has_mention,bluesky,anthropic,engaging,0.006542965790452797,0.005353240013613418,0.8588568109737794,10000,986,9014
has_url,bluesky,anthropic,engaging,0.0,0.0,0.8588568109737794,10000,986,9014
polarization_score,bluesky,anthropic,engaging,0.055078541744354635,0.06076208973887187,0.8588568109737794,10000,986,9014
controversy_level,bluesky,anthropic,engaging,0.010522977919167608,0.005352041578045115,0.8588568109737794,10000,986,9014
primary_topic,bluesky,anthropic,engaging,0.024918737557354766,0.01507104694874188,0.8588568109737794,10000,986,9014
toxicity,bluesky,anthropic,engaging,0.21262739179123857,0.13101164104949475,0.8588568109737794,10000,986,9014
severe_toxicity,bluesky,anthropic,engaging,0.18606956593274274,0.10054513445817483,0.8588568109737794,10000,986,9014
author_gender,bluesky,anthropic,informative,0.0197176128704505,0.0201948027738684,0.9150928850084632,10000,997,9003
author_political_leaning,bluesky,anthropic,informative,0.011657205562436053,0.01485126642022943,0.9150928850084632,10000,997,9003
author_is_minority,bluesky,anthropic,informative,0.010214494196279258,0.008474222914091676,0.9150928850084632,10000,997,9003
text_length,bluesky,anthropic,informative,0.22387007999431977,0.1904035971674658,0.9150928850084632,10000,997,9003
avg_word_length,bluesky,anthropic,informative,0.19026934520613292,0.16379797707050853,0.9150928850084632,10000,997,9003
sentiment_polarity,bluesky,anthropic,informative,0.05389399945026064,0.024061000773643954,0.9150928850084632,10000,997,9003
sentiment_subjectivity,bluesky,anthropic,informative,0.0915552929232006,0.06636196257428212,0.9150928850084632,10000,997,9003
has_emoji,bluesky,anthropic,informative,0.0062113041936345086,0.010528137408590935,0.9150928850084632,10000,997,9003
has_hashtag,bluesky,anthropic,informative,0.0048670238682366074,0.004078505369596617,0.9150928850084632,10000,997,9003
has_mention,bluesky,anthropic,informative,0.0015671321360069103,0.0007335922857450554,0.9150928850084632,10000,997,9003
has_url,bluesky,anthropic,informative,0.0,0.0,0.9150928850084632,10000,997,9003
polarization_score,bluesky,anthropic,informative,0.01965198400795232,0.025898269687601096,0.9150928850084632,10000,997,9003
controversy_level,bluesky,anthropic,informative,0.006716011870702086,0.007852331980631292,0.9150928850084632,10000,997,9003
primary_topic,bluesky,anthropic,informative,0.01599882314109099,0.011047372679360842,0.9150928850084632,10000,997,9003
toxicity,bluesky,anthropic,informative,0.22749169845207423,0.19286593128047141,0.9150928850084632,10000,997,9003
severe_toxicity,bluesky,anthropic,informative,0.11631799212722274,0.06418400236374683,0.9150928850084632,10000,997,9003
author_gender,bluesky,anthropic,controversial,0.018997961733844163,0.01815220850326558,0.881875932148124,10000,999,9001
author_political_leaning,bluesky,anthropic,controversial,0.01384266346491195,0.012461218425983755,0.881875932148124,10000,999,9001
author_is_minority,bluesky,anthropic,controversial,0.007025153877956075,0.004553683280557612,0.881875932148124,10000,999,9001
text_length,bluesky,anthropic,controversial,0.2178265430897897,0.1480947143157828,0.881875932148124,10000,999,9001
avg_word_length,bluesky,anthropic,controversial,0.1522130959938264,0.10866808472919481,0.881875932148124,10000,999,9001
sentiment_polarity,bluesky,anthropic,controversial,0.07600750140287577,0.03227641191907387,0.881875932148124,10000,999,9001
sentiment_subjectivity,bluesky,anthropic,controversial,0.0810253508554319,0.03792975518811052,0.881875932148124,10000,999,9001
has_emoji,bluesky,anthropic,controversial,0.015691563120246044,0.01685419845834245,0.881875932148124,10000,999,9001
has_hashtag,bluesky,anthropic,controversial,0.022256818779777466,0.02497088049403233,0.881875932148124,10000,999,9001
has_mention,bluesky,anthropic,controversial,0.005730165772911071,0.004431994393089986,0.881875932148124,10000,999,9001
has_url,bluesky,anthropic,controversial,0.0,0.0,0.881875932148124,10000,999,9001
polarization_score,bluesky,anthropic,controversial,0.1111958786852193,0.10652483281075911,0.881875932148124,10000,999,9001
controversy_level,bluesky,anthropic,controversial,0.03171624264126397,0.020884065001766608,0.881875932148124,10000,999,9001
primary_topic,bluesky,anthropic,controversial,0.054873806775143835,0.055234850745849794,0.881875932148124,10000,999,9001
toxicity,bluesky,anthropic,controversial,0.11809198318568978,0.06167048901803629,0.881875932148124,10000,999,9001
severe_toxicity,bluesky,anthropic,controversial,0.07350527062111271,0.0242847930650265,0.881875932148124,10000,999,9001
author_gender,bluesky,anthropic,neutral,0.044109528299803205,0.030053038257890866,0.8491404569174031,10000,987,9013
author_political_leaning,bluesky,anthropic,neutral,0.030656428350968958,0.025373355490214536,0.8491404569174031,10000,987,9013
author_is_minority,bluesky,anthropic,neutral,0.06651174565319937,0.0606060605055763,0.8491404569174031,10000,987,9013
text_length,bluesky,anthropic,neutral,0.221621899182679,0.1485735430290001,0.8491404569174031,10000,987,9013
avg_word_length,bluesky,anthropic,neutral,0.11965657842012663,0.055037609314193686,0.8491404569174031,10000,987,9013
sentiment_polarity,bluesky,anthropic,neutral,0.07348973432466227,0.020291785817215573,0.8491404569174031,10000,987,9013
sentiment_subjectivity,bluesky,anthropic,neutral,0.08670349522496043,0.02834375841803613,0.8491404569174031,10000,987,9013
has_emoji,bluesky,anthropic,neutral,0.007131801370102791,0.003053914292513234,0.8491404569174031,10000,987,9013
has_hashtag,bluesky,anthropic,neutral,0.0059281821713426915,0.0019431406219499962,0.8491404569174031,10000,987,9013
has_mention,bluesky,anthropic,neutral,0.004614399484585699,0.0031750770320782273,0.8491404569174031,10000,987,9013
has_url,bluesky,anthropic,neutral,0.0,0.0,0.8491404569174031,10000,987,9013
polarization_score,bluesky,anthropic,neutral,0.0813955234043406,0.07870821524323768,0.8491404569174031,10000,987,9013
controversy_level,bluesky,anthropic,neutral,0.00964430991747649,0.004802993804030971,0.8491404569174031,10000,987,9013
primary_topic,bluesky,anthropic,neutral,0.05097961965864664,0.04262911636580667,0.8491404569174031,10000,987,9013
toxicity,bluesky,anthropic,neutral,0.1082406573085768,0.04225396817661402,0.8491404569174031,10000,987,9013
severe_toxicity,bluesky,anthropic,neutral,0.0893160972285285,0.027282004271240737,0.8491404569174031,10000,987,9013
author_gender,bluesky,gemini,general,0.026864081024913503,0.01719974844419178,0.860586441368419,10000,995,9005
author_political_leaning,bluesky,gemini,general,0.020099636569952894,0.008875863480524644,0.860586441368419,10000,995,9005
author_is_minority,bluesky,gemini,general,0.01490703694449775,0.009773353572921405,0.860586441368419,10000,995,9005
text_length,bluesky,gemini,general,0.1491197736754238,0.049321951470541456,0.860586441368419,10000,995,9005
avg_word_length,bluesky,gemini,general,0.13668976460876253,0.03321879522837592,0.860586441368419,10000,995,9005
sentiment_polarity,bluesky,gemini,general,0.12684039631732136,0.029589691131033026,0.860586441368419,10000,995,9005
sentiment_subjectivity,bluesky,gemini,general,0.10139954174667083,0.019673594495472884,0.860586441368419,10000,995,9005
has_emoji,bluesky,gemini,general,0.012181475577313984,0.005393938120177467,0.860586441368419,10000,995,9005
has_hashtag,bluesky,gemini,general,0.01303545304897731,0.0053097095720812644,0.860586441368419,10000,995,9005
has_mention,bluesky,gemini,general,0.004704369336383389,0.0010361888873750818,0.860586441368419,10000,995,9005
has_url,bluesky,gemini,general,0.0,0.0,0.860586441368419,10000,995,9005
polarization_score,bluesky,gemini,general,0.025784013980208763,0.0073087469540977865,0.860586441368419,10000,995,9005
controversy_level,bluesky,gemini,general,0.011546326048967787,0.004186046519906349,0.860586441368419,10000,995,9005
primary_topic,bluesky,gemini,general,0.04171245324356719,0.026008090046757283,0.860586441368419,10000,995,9005
toxicity,bluesky,gemini,general,0.1651336052332651,0.05454069290548987,0.860586441368419,10000,995,9005
severe_toxicity,bluesky,gemini,general,0.14998207264377386,0.04926077828233971,0.860586441368419,10000,995,9005
author_gender,bluesky,gemini,popular,0.013141953933755411,0.007592519038642907,0.86454435734393,10000,979,9021
author_political_leaning,bluesky,gemini,popular,0.015623452075420435,0.0048267570779653,0.86454435734393,10000,979,9021
author_is_minority,bluesky,gemini,popular,0.012955278157198886,0.01119755032514928,0.86454435734393,10000,979,9021
text_length,bluesky,gemini,popular,0.1457434708410098,0.0754505432659359,0.86454435734393,10000,979,9021
avg_word_length,bluesky,gemini,popular,0.13208810973463816,0.04218721574527173,0.86454435734393,10000,979,9021
sentiment_polarity,bluesky,gemini,popular,0.10923149430494282,0.022981472083702728,0.86454435734393,10000,979,9021
sentiment_subjectivity,bluesky,gemini,popular,0.12429373605139869,0.03161021724045569,0.86454435734393,10000,979,9021
has_emoji,bluesky,gemini,popular,0.020014341641143567,0.012865646920425525,0.86454435734393,10000,979,9021
has_hashtag,bluesky,gemini,popular,0.007548315905571909,0.0020657921907943754,0.86454435734393,10000,979,9021
has_mention,bluesky,gemini,popular,0.0034682538117800613,0.0018711921698905116,0.86454435734393,10000,979,9021
has_url,bluesky,gemini,popular,0.0,0.0,0.86454435734393,10000,979,9021
polarization_score,bluesky,gemini,popular,0.030891083473927872,0.013736443378711105,0.86454435734393,10000,979,9021
controversy_level,bluesky,gemini,popular,0.011066021198270229,0.0032792125623833327,0.86454435734393,10000,979,9021
primary_topic,bluesky,gemini,popular,0.03900645709364122,0.026001572315485187,0.86454435734393,10000,979,9021
toxicity,bluesky,gemini,popular,0.16413492588835982,0.06109540461727414,0.86454435734393,10000,979,9021
severe_toxicity,bluesky,gemini,popular,0.1707931058889408,0.06685338274968801,0.86454435734393,10000,979,9021
author_gender,bluesky,gemini,engaging,0.03312781983740426,0.022945755583314242,0.832950008876925,10000,931,9069
author_political_leaning,bluesky,gemini,engaging,0.01382785213075314,0.007574880705959122,0.832950008876925,10000,931,9069
author_is_minority,bluesky,gemini,engaging,0.0675473814585957,0.055787659454141186,0.832950008876925,10000,931,9069
text_length,bluesky,gemini,engaging,0.10214126358657218,0.030902245522654487,0.832950008876925,10000,931,9069
avg_word_length,bluesky,gemini,engaging,0.1091197415471863,0.02465395523722539,0.832950008876925,10000,931,9069
sentiment_polarity,bluesky,gemini,engaging,0.09957715449788505,0.029091393426943057,0.832950008876925,10000,931,9069
sentiment_subjectivity,bluesky,gemini,engaging,0.09277251022960588,0.0289599766931651,0.832950008876925,10000,931,9069
has_emoji,bluesky,gemini,engaging,0.005812216367932067,0.0019200324520651528,0.832950008876925,10000,931,9069
has_hashtag,bluesky,gemini,engaging,0.007541114751958361,0.003922449847613996,0.832950008876925,10000,931,9069
has_mention,bluesky,gemini,engaging,0.003267160547789594,0.0013459977075376429,0.832950008876925,10000,931,9069
has_url,bluesky,gemini,engaging,0.0,0.0,0.832950008876925,10000,931,9069
polarization_score,bluesky,gemini,engaging,0.05271186528143925,0.04716223978559515,0.832950008876925,10000,931,9069
controversy_level,bluesky,gemini,engaging,0.009760899941578464,0.004152777428167517,0.832950008876925,10000,931,9069
primary_topic,bluesky,gemini,engaging,0.04389308544063763,0.029754052532262258,0.832950008876925,10000,931,9069
toxicity,bluesky,gemini,engaging,0.17997385598792925,0.07840954478659978,0.832950008876925,10000,931,9069
severe_toxicity,bluesky,gemini,engaging,0.1789260783927328,0.07268094352425616,0.832950008876925,10000,931,9069
author_gender,bluesky,gemini,informative,0.016082733975967864,0.016262897462285392,0.9007239975557968,10000,995,9005
author_political_leaning,bluesky,gemini,informative,0.011154611457230373,0.011166099517425239,0.9007239975557968,10000,995,9005
author_is_minority,bluesky,gemini,informative,0.008966204906789472,0.0054727487616153935,0.9007239975557968,10000,995,9005
text_length,bluesky,gemini,informative,0.22267467093926252,0.17775400176914902,0.9007239975557968,10000,995,9005
avg_word_length,bluesky,gemini,informative,0.18563086078380645,0.1433448366409336,0.9007239975557968,10000,995,9005
sentiment_polarity,bluesky,gemini,informative,0.058741649368754645,0.025332257676089605,0.9007239975557968,10000,995,9005
sentiment_subjectivity,bluesky,gemini,informative,0.09854362597513555,0.07167074515072676,0.9007239975557968,10000,995,9005
has_emoji,bluesky,gemini,informative,0.0031852523511792575,0.0016713284228500095,0.9007239975557968,10000,995,9005
has_hashtag,bluesky,gemini,informative,0.012802655814586403,0.014022187326258765,0.9007239975557968,10000,995,9005
has_mention,bluesky,gemini,informative,0.0036296279400437025,0.0029260981941621445,0.9007239975557968,10000,995,9005
has_url,bluesky,gemini,informative,0.0,0.0,0.9007239975557968,10000,995,9005
polarization_score,bluesky,gemini,informative,0.022356557731015973,0.033200003902398675,0.9007239975557968,10000,995,9005
controversy_level,bluesky,gemini,informative,0.008920352070712694,0.00943963423220271,0.9007239975557968,10000,995,9005
primary_topic,bluesky,gemini,informative,0.018220733271970053,0.012288774727052035,0.9007239975557968,10000,995,9005
toxicity,bluesky,gemini,informative,0.22170187647491688,0.18494408982733102,0.9007239975557968,10000,995,9005
severe_toxicity,bluesky,gemini,informative,0.1073885869386282,0.050036130754366866,0.9007239975557968,10000,995,9005
author_gender,bluesky,gemini,controversial,0.02364172455523034,0.019579502673372166,0.8592833386126069,10000,980,9020
author_political_leaning,bluesky,gemini,controversial,0.016707204603546248,0.013481590895828455,0.8592833386126069,10000,980,9020
author_is_minority,bluesky,gemini,controversial,0.026148129755601004,0.027558183199203987,0.8592833386126069,10000,980,9020
text_length,bluesky,gemini,controversial,0.19209318351586463,0.12283330757137054,0.8592833386126069,10000,980,9020
avg_word_length,bluesky,gemini,controversial,0.12179188937460397,0.05334937373609447,0.8592833386126069,10000,980,9020
sentiment_polarity,bluesky,gemini,controversial,0.10109876192219976,0.036723507730498275,0.8592833386126069,10000,980,9020
sentiment_subjectivity,bluesky,gemini,controversial,0.0999968904577535,0.03639303637774277,0.8592833386126069,10000,980,9020
has_emoji,bluesky,gemini,controversial,0.007213214032564655,0.0069644392667484855,0.8592833386126069,10000,980,9020
has_hashtag,bluesky,gemini,controversial,0.0056402275977635065,0.0018869716869867107,0.8592833386126069,10000,980,9020
has_mention,bluesky,gemini,controversial,0.005279245519890894,0.0036000071488291544,0.8592833386126069,10000,980,9020
has_url,bluesky,gemini,controversial,0.0,0.0,0.8592833386126069,10000,980,9020
polarization_score,bluesky,gemini,controversial,0.06898991091803966,0.06508419713389224,0.8592833386126069,10000,980,9020
controversy_level,bluesky,gemini,controversial,0.010579290299847988,0.0048427572748416785,0.8592833386126069,10000,980,9020
primary_topic,bluesky,gemini,controversial,0.03200030673467333,0.020955571232371066,0.8592833386126069,10000,980,9020
toxicity,bluesky,gemini,controversial,0.17201325036433432,0.10088167808417298,0.8592833386126069,10000,980,9020
severe_toxicity,bluesky,gemini,controversial,0.11680677034808602,0.049425615121001215,0.8592833386126069,10000,980,9020
author_gender,bluesky,gemini,neutral,0.0642424479969028,0.035357773308431074,0.8092647787476583,10000,958,9042
author_political_leaning,bluesky,gemini,neutral,0.05855171980396223,0.037035136127309305,0.8092647787476583,10000,958,9042
author_is_minority,bluesky,gemini,neutral,0.06857479761874513,0.051405715846011654,0.8092647787476583,10000,958,9042
text_length,bluesky,gemini,neutral,0.16667301148141542,0.06094818833581195,0.8092647787476583,10000,958,9042
avg_word_length,bluesky,gemini,neutral,0.10669986294515713,0.024810911315898375,0.8092647787476583,10000,958,9042
sentiment_polarity,bluesky,gemini,neutral,0.08766138415851871,0.018919950465017262,0.8092647787476583,10000,958,9042
sentiment_subjectivity,bluesky,gemini,neutral,0.09584208116148514,0.023934296703535446,0.8092647787476583,10000,958,9042
has_emoji,bluesky,gemini,neutral,0.0062808044844816675,0.001721831484633653,0.8092647787476583,10000,958,9042
has_hashtag,bluesky,gemini,neutral,0.02789492088550058,0.016373278466016335,0.8092647787476583,10000,958,9042
has_mention,bluesky,gemini,neutral,0.003438352801812635,0.001972465638509259,0.8092647787476583,10000,958,9042
has_url,bluesky,gemini,neutral,0.0,0.0,0.8092647787476583,10000,958,9042
polarization_score,bluesky,gemini,neutral,0.0642464392850774,0.05583176047747873,0.8092647787476583,10000,958,9042
controversy_level,bluesky,gemini,neutral,0.007410859581664585,0.0041304117559806406,0.8092647787476583,10000,958,9042
primary_topic,bluesky,gemini,neutral,0.05016708331120351,0.03255805772266929,0.8092647787476583,10000,958,9042
toxicity,bluesky,gemini,neutral,0.09660754030625339,0.024479954268313068,0.8092647787476583,10000,958,9042
severe_toxicity,bluesky,gemini,neutral,0.09570869417781956,0.017773567700194316,0.8092647787476583,10000,958,9042
author_gender,reddit,openai,general,0.01955027747129538,0.008689673990005512,0.8100127222222222,10000,1000,9000
author_political_leaning,reddit,openai,general,0.010690080697536783,0.0045661812876589426,0.8100127222222222,10000,1000,9000
author_is_minority,reddit,openai,general,0.01017010791747432,0.004757024812772345,0.8100127222222222,10000,1000,9000
text_length,reddit,openai,general,0.2141783318120743,0.10631293519026908,0.8100127222222222,10000,1000,9000
avg_word_length,reddit,openai,general,0.14346614706400768,0.05858823634231833,0.8100127222222222,10000,1000,9000
sentiment_polarity,reddit,openai,general,0.10657714623252842,0.02663719964490326,0.8100127222222222,10000,1000,9000
sentiment_subjectivity,reddit,openai,general,0.11167853944919956,0.028800513145510916,0.8100127222222222,10000,1000,9000
has_emoji,reddit,openai,general,0.002010163380629869,0.0005701663272114266,0.8100127222222222,10000,1000,9000
has_hashtag,reddit,openai,general,0.0007976168982730606,0.0002115608297119205,0.8100127222222222,10000,1000,9000
has_mention,reddit,openai,general,0.0006012109640895686,0.00021270922399343545,0.8100127222222222,10000,1000,9000
has_url,reddit,openai,general,0.002856955146880596,0.00107354802533804,0.8100127222222222,10000,1000,9000
polarization_score,reddit,openai,general,0.0701001954524405,0.05360955210494249,0.8100127222222222,10000,1000,9000
controversy_level,reddit,openai,general,0.04508998748637505,0.026018816280741316,0.8100127222222222,10000,1000,9000
primary_topic,reddit,openai,general,0.045615111235906315,0.027196006060276477,0.8100127222222222,10000,1000,9000
toxicity,reddit,openai,general,0.11021205362148911,0.029054906614456685,0.8100127222222222,10000,1000,9000
severe_toxicity,reddit,openai,general,0.10640607516979957,0.02036797725322466,0.8100127222222222,10000,1000,9000
author_gender,reddit,openai,popular,0.019050551585082086,0.006785695333506099,0.8066427222222221,10000,1000,9000
author_political_leaning,reddit,openai,popular,0.011209655150944818,0.003586779725156385,0.8066427222222221,10000,1000,9000
author_is_minority,reddit,openai,popular,0.00825573748899807,0.0019579554674706238,0.8066427222222221,10000,1000,9000
text_length,reddit,openai,popular,0.18677378695140387,0.07563495603389078,0.8066427222222221,10000,1000,9000
avg_word_length,reddit,openai,popular,0.13766884342401448,0.039417923514544664,0.8066427222222221,10000,1000,9000
sentiment_polarity,reddit,openai,popular,0.11284415898257057,0.02657135220730608,0.8066427222222221,10000,1000,9000
sentiment_subjectivity,reddit,openai,popular,0.11701163264548992,0.03155215735065363,0.8066427222222221,10000,1000,9000
has_emoji,reddit,openai,popular,0.0023953360140702403,0.0008184193901872078,0.8066427222222221,10000,1000,9000
has_hashtag,reddit,openai,popular,0.0014290568577005765,0.00036194679508125944,0.8066427222222221,10000,1000,9000
has_mention,reddit,openai,popular,6.16102080690449e-05,8.727322073754371e-06,0.8066427222222221,10000,1000,9000
has_url,reddit,openai,popular,0.003595290739957202,0.0009680695468559366,0.8066427222222221,10000,1000,9000
polarization_score,reddit,openai,popular,0.06592251475084546,0.05079080892239087,0.8066427222222221,10000,1000,9000
controversy_level,reddit,openai,popular,0.02564456734637702,0.012924223951467187,0.8066427222222221,10000,1000,9000
primary_topic,reddit,openai,popular,0.043634091087075805,0.022752775645370506,0.8066427222222221,10000,1000,9000
toxicity,reddit,openai,popular,0.14109062783063425,0.036611747528643185,0.8066427222222221,10000,1000,9000
severe_toxicity,reddit,openai,popular,0.12341253893676657,0.021958148974624146,0.8066427222222221,10000,1000,9000
author_gender,reddit,openai,engaging,0.024364286487946623,0.020142659525681447,0.8182668333333334,10000,1000,9000
author_political_leaning,reddit,openai,engaging,0.009019513136059752,0.0027857046880984263,0.8182668333333334,10000,1000,9000
author_is_minority,reddit,openai,engaging,0.01094180382904263,0.003848313806421388,0.8182668333333334,10000,1000,9000
text_length,reddit,openai,engaging,0.17865567238402896,0.07294908596336555,0.8182668333333334,10000,1000,9000
avg_word_length,reddit,openai,engaging,0.138703997089412,0.047223354118949706,0.8182668333333334,10000,1000,9000
sentiment_polarity,reddit,openai,engaging,0.11999006953967224,0.02540552618149694,0.8182668333333334,10000,1000,9000
sentiment_subjectivity,reddit,openai,engaging,0.11326079902217748,0.02915904263029976,0.8182668333333334,10000,1000,9000
has_emoji,reddit,openai,engaging,0.001674059973341857,0.0002926559755497524,0.8182668333333334,10000,1000,9000
has_hashtag,reddit,openai,engaging,0.0016716240307523727,0.0008799231925767513,0.8182668333333334,10000,1000,9000
has_mention,reddit,openai,engaging,0.00020775497291040205,7.017843842830457e-05,0.8182668333333334,10000,1000,9000
has_url,reddit,openai,engaging,0.003960385557937023,0.001816721601771304,0.8182668333333334,10000,1000,9000
polarization_score,reddit,openai,engaging,0.053281393877666894,0.036585670992153874,0.8182668333333334,10000,1000,9000
controversy_level,reddit,openai,engaging,0.021040167846936776,0.0102365798262141,0.8182668333333334,10000,1000,9000
primary_topic,reddit,openai,engaging,0.04898534996138183,0.026946048657883043,0.8182668333333334,10000,1000,9000
toxicity,reddit,openai,engaging,0.14710581363943645,0.041096255499966955,0.8182668333333334,10000,1000,9000
severe_toxicity,reddit,openai,engaging,0.12713730865129677,0.02548154666249685,0.8182668333333334,10000,1000,9000
author_gender,reddit,openai,informative,0.015801844923762222,0.011012400191755152,0.8552525,10000,1000,9000
author_political_leaning,reddit,openai,informative,0.0077512742476773455,0.004984736699405759,0.8552525,10000,1000,9000
author_is_minority,reddit,openai,informative,0.006028347078733548,0.0028153680273216193,0.8552525,10000,1000,9000
text_length,reddit,openai,informative,0.3012323302577708,0.18585552567908858,0.8552525,10000,1000,9000
avg_word_length,reddit,openai,informative,0.15229193187690682,0.09584669662484091,0.8552525,10000,1000,9000
sentiment_polarity,reddit,openai,informative,0.08347236772908091,0.03258865966455558,0.8552525,10000,1000,9000
sentiment_subjectivity,reddit,openai,informative,0.11346695997965248,0.05049326597867877,0.8552525,10000,1000,9000
has_emoji,reddit,openai,informative,0.0006275862389575195,0.000463472079521227,0.8552525,10000,1000,9000
has_hashtag,reddit,openai,informative,0.0005929566169733976,0.00023724986611016973,0.8552525,10000,1000,9000
has_mention,reddit,openai,informative,0.00028888851251308997,0.00016880871071055345,0.8552525,10000,1000,9000
has_url,reddit,openai,informative,0.008259270074551257,0.004287636743325066,0.8552525,10000,1000,9000
polarization_score,reddit,openai,informative,0.03845098418557657,0.031456222805922196,0.8552525,10000,1000,9000
controversy_level,reddit,openai,informative,0.024837594573710466,0.022520676595668823,0.8552525,10000,1000,9000
primary_topic,reddit,openai,informative,0.02998628856065643,0.015413520804638365,0.8552525,10000,1000,9000
toxicity,reddit,openai,informative,0.11824893628610894,0.08486450152090132,0.8552525,10000,1000,9000
severe_toxicity,reddit,openai,informative,0.0986624388573683,0.03778693538822256,0.8552525,10000,1000,9000
author_gender,reddit,openai,controversial,0.023203925437897906,0.025592069873083954,0.8247256111111111,10000,1000,9000
author_political_leaning,reddit,openai,controversial,0.013368449753205319,0.0066791121620312114,0.8247256111111111,10000,1000,9000
author_is_minority,reddit,openai,controversial,0.006358948245467577,0.0023897696775130803,0.8247256111111111,10000,1000,9000
text_length,reddit,openai,controversial,0.2626783416662166,0.13804041445038862,0.8247256111111111,10000,1000,9000
avg_word_length,reddit,openai,controversial,0.13628814989169796,0.07044264735742461,0.8247256111111111,10000,1000,9000
sentiment_polarity,reddit,openai,controversial,0.09828998591353534,0.02704210005506702,0.8247256111111111,10000,1000,9000
sentiment_subjectivity,reddit,openai,controversial,0.12135554264361255,0.04858120166748514,0.8247256111111111,10000,1000,9000
has_emoji,reddit,openai,controversial,0.0010242091963394682,0.0007208625701542303,0.8247256111111111,10000,1000,9000
has_hashtag,reddit,openai,controversial,0.0010540173199510272,0.000397709807933618,0.8247256111111111,10000,1000,9000
has_mention,reddit,openai,controversial,9.695201561583621e-05,6.759955552479853e-05,0.8247256111111111,10000,1000,9000
has_url,reddit,openai,controversial,0.005024216002613891,0.002435092880321731,0.8247256111111111,10000,1000,9000
polarization_score,reddit,openai,controversial,0.06311295720729712,0.04638701270736946,0.8247256111111111,10000,1000,9000
controversy_level,reddit,openai,controversial,0.03032132032229374,0.017067106347674384,0.8247256111111111,10000,1000,9000
primary_topic,reddit,openai,controversial,0.03661917802354555,0.025674129141459664,0.8247256111111111,10000,1000,9000
toxicity,reddit,openai,controversial,0.11025122514078092,0.036839949323178786,0.8247256111111111,10000,1000,9000
severe_toxicity,reddit,openai,controversial,0.0909525812199291,0.02093595537234858,0.8247256111111111,10000,1000,9000
author_gender,reddit,openai,neutral,0.01929928880982843,0.014219901046064583,0.8387385555555555,10000,1000,9000
author_political_leaning,reddit,openai,neutral,0.007518356940695626,0.0029191846052165553,0.8387385555555555,10000,1000,9000
author_is_minority,reddit,openai,neutral,0.005525486494079343,0.0025185739829019075,0.8387385555555555,10000,1000,9000
text_length,reddit,openai,neutral,0.24504217899262282,0.15774225318986257,0.8387385555555555,10000,1000,9000
avg_word_length,reddit,openai,neutral,0.12156532433811897,0.054126953437447764,0.8387385555555555,10000,1000,9000
sentiment_polarity,reddit,openai,neutral,0.09612544406963729,0.031841042056016164,0.8387385555555555,10000,1000,9000
sentiment_subjectivity,reddit,openai,neutral,0.11818526558505602,0.05803504706779378,0.8387385555555555,10000,1000,9000
has_emoji,reddit,openai,neutral,0.0009570005180384824,0.0001962097547811302,0.8387385555555555,10000,1000,9000
has_hashtag,reddit,openai,neutral,0.0011308987181560162,0.0003865941281263505,0.8387385555555555,10000,1000,9000
has_mention,reddit,openai,neutral,6.002225745904002e-05,3.0831267712249575e-05,0.8387385555555555,10000,1000,9000
has_url,reddit,openai,neutral,0.003551801444969235,0.002145355437339953,0.8387385555555555,10000,1000,9000
polarization_score,reddit,openai,neutral,0.08005724070919845,0.06532163199733562,0.8387385555555555,10000,1000,9000
controversy_level,reddit,openai,neutral,0.04759983271328412,0.027223325456126365,0.8387385555555555,10000,1000,9000
primary_topic,reddit,openai,neutral,0.04765197623480824,0.035926517364605816,0.8387385555555555,10000,1000,9000
toxicity,reddit,openai,neutral,0.11475452616976958,0.0502583672041579,0.8387385555555555,10000,1000,9000
severe_toxicity,reddit,openai,neutral,0.09097535600427822,0.026418143147604344,0.8387385555555555,10000,1000,9000
author_gender,reddit,anthropic,general,0.011096626830041883,0.010843996752933568,0.8824651385148685,10000,992,9008
author_political_leaning,reddit,anthropic,general,0.004049579537850666,0.003202012968699722,0.8824651385148685,10000,992,9008
author_is_minority,reddit,anthropic,general,0.003918058649867446,0.0020995952653382983,0.8824651385148685,10000,992,9008
text_length,reddit,anthropic,general,0.3613853096874287,0.26888818116850555,0.8824651385148685,10000,992,9008
avg_word_length,reddit,anthropic,general,0.11860578383911374,0.0675377106567458,0.8824651385148685,10000,992,9008
sentiment_polarity,reddit,anthropic,general,0.07805193170570776,0.034189360482210406,0.8824651385148685,10000,992,9008
sentiment_subjectivity,reddit,anthropic,general,0.09907626474152917,0.046789331811360746,0.8824651385148685,10000,992,9008
has_emoji,reddit,anthropic,general,0.0005348379437834734,0.00023655433545399478,0.8824651385148685,10000,992,9008
has_hashtag,reddit,anthropic,general,0.0005492963019553686,0.0003290005096566448,0.8824651385148685,10000,992,9008
has_mention,reddit,anthropic,general,0.0005249395331081057,0.0003213358113784354,0.8824651385148685,10000,992,9008
has_url,reddit,anthropic,general,0.022321747401578645,0.01613077627279245,0.8824651385148685,10000,992,9008
polarization_score,reddit,anthropic,general,0.02893023872801109,0.02635830856567825,0.8824651385148685,10000,992,9008
controversy_level,reddit,anthropic,general,0.014537378935066325,0.013003764267264512,0.8824651385148685,10000,992,9008
primary_topic,reddit,anthropic,general,0.029486801459068377,0.02871015966197796,0.8824651385148685,10000,992,9008
toxicity,reddit,anthropic,general,0.1295920681229999,0.092444462830235,0.8824651385148685,10000,992,9008
severe_toxicity,reddit,anthropic,general,0.09733913658288935,0.05279926459734256,0.8824651385148685,10000,992,9008
author_gender,reddit,anthropic,popular,0.02256341432401785,0.008131907334885953,0.8610422117956151,10000,987,9013
author_political_leaning,reddit,anthropic,popular,0.01169745868936135,0.007256580170977882,0.8610422117956151,10000,987,9013
author_is_minority,reddit,anthropic,popular,0.011625724916144657,0.004413169495817113,0.8610422117956151,10000,987,9013
text_length,reddit,anthropic,popular,0.14809360535209987,0.05465000371726943,0.8610422117956151,10000,987,9013
avg_word_length,reddit,anthropic,popular,0.13800092434042535,0.029859918149643304,0.8610422117956151,10000,987,9013
sentiment_polarity,reddit,anthropic,popular,0.10970895987572901,0.024427893258340064,0.8610422117956151,10000,987,9013
sentiment_subjectivity,reddit,anthropic,popular,0.0983072635766447,0.02086208165215177,0.8610422117956151,10000,987,9013
has_emoji,reddit,anthropic,popular,0.0021676942787803763,0.000501969477567608,0.8610422117956151,10000,987,9013
has_hashtag,reddit,anthropic,popular,0.0036594295014966117,0.0007079372091137894,0.8610422117956151,10000,987,9013
has_mention,reddit,anthropic,popular,9.255540593000479e-05,3.8209329866096474e-05,0.8610422117956151,10000,987,9013
has_url,reddit,anthropic,popular,0.004693871217337858,0.0012647176450846405,0.8610422117956151,10000,987,9013
polarization_score,reddit,anthropic,popular,0.04017418801572185,0.027650583256693922,0.8610422117956151,10000,987,9013
controversy_level,reddit,anthropic,popular,0.015747523635294892,0.006624983911295714,0.8610422117956151,10000,987,9013
primary_topic,reddit,anthropic,popular,0.0485663080324042,0.027826131535760423,0.8610422117956151,10000,987,9013
toxicity,reddit,anthropic,popular,0.18908937875090812,0.06964552394742865,0.8610422117956151,10000,987,9013
severe_toxicity,reddit,anthropic,popular,0.15581170008770315,0.038909820135261716,0.8610422117956151,10000,987,9013
author_gender,reddit,anthropic,engaging,0.019256948594448063,0.018102692161370445,0.8723327615780447,10000,990,9010
author_political_leaning,reddit,anthropic,engaging,0.009212632051004303,0.007130126737673845,0.8723327615780447,10000,990,9010
author_is_minority,reddit,anthropic,engaging,0.007623029340637982,0.0037056060433814627,0.8723327615780447,10000,990,9010
text_length,reddit,anthropic,engaging,0.17892030947023307,0.11554956006461173,0.8723327615780447,10000,990,9010
avg_word_length,reddit,anthropic,engaging,0.1123478655980724,0.04944552661394462,0.8723327615780447,10000,990,9010
sentiment_polarity,reddit,anthropic,engaging,0.08924578940446624,0.029976335654367157,0.8723327615780447,10000,990,9010
sentiment_subjectivity,reddit,anthropic,engaging,0.08645581814501088,0.02986952572601954,0.8723327615780447,10000,990,9010
has_emoji,reddit,anthropic,engaging,0.0006951897807053187,0.0005273226962582553,0.8723327615780447,10000,990,9010
has_hashtag,reddit,anthropic,engaging,0.0010925069396799908,0.00041794898954226585,0.8723327615780447,10000,990,9010
has_mention,reddit,anthropic,engaging,9.934252675892291e-05,4.733160188133959e-05,0.8723327615780447,10000,990,9010
has_url,reddit,anthropic,engaging,0.0027000705768578104,0.0014063466054147812,0.8723327615780447,10000,990,9010
polarization_score,reddit,anthropic,engaging,0.06791130535345447,0.07303344368481003,0.8723327615780447,10000,990,9010
controversy_level,reddit,anthropic,engaging,0.017678880537316356,0.011250944219608629,0.8723327615780447,10000,990,9010
primary_topic,reddit,anthropic,engaging,0.04271313103340119,0.04045551481634036,0.8723327615780447,10000,990,9010
toxicity,reddit,anthropic,engaging,0.19881586280293362,0.10293282714935448,0.8723327615780447,10000,990,9010
severe_toxicity,reddit,anthropic,engaging,0.16523131784501932,0.08112006078621645,0.8723327615780447,10000,990,9010
author_gender,reddit,anthropic,informative,0.0065484507784646494,0.005395386702106548,0.9367850898312666,10000,984,9016
author_political_leaning,reddit,anthropic,informative,0.005264079515427974,0.005691448168533373,0.9367850898312666,10000,984,9016
author_is_minority,reddit,anthropic,informative,0.0023621572695388168,0.002008202885607902,0.9367850898312666,10000,984,9016
text_length,reddit,anthropic,informative,0.4242941185983007,0.35726873111396923,0.9367850898312666,10000,984,9016
avg_word_length,reddit,anthropic,informative,0.10076373891033276,0.08294119793216356,0.9367850898312666,10000,984,9016
sentiment_polarity,reddit,anthropic,informative,0.046769426657678116,0.02681347534661649,0.9367850898312666,10000,984,9016
sentiment_subjectivity,reddit,anthropic,informative,0.10104745312815581,0.07488163196609376,0.9367850898312666,10000,984,9016
has_emoji,reddit,anthropic,informative,0.00030796032465723276,0.0004118517696454606,0.9367850898312666,10000,984,9016
has_hashtag,reddit,anthropic,informative,0.0015685467419685431,0.001267754471018356,0.9367850898312666,10000,984,9016
has_mention,reddit,anthropic,informative,0.00043296233896779416,0.0002351714649597398,0.9367850898312666,10000,984,9016
has_url,reddit,anthropic,informative,0.03354605051769031,0.03152316676318509,0.9367850898312666,10000,984,9016
polarization_score,reddit,anthropic,informative,0.02024156755096852,0.017366924488838073,0.9367850898312666,10000,984,9016
controversy_level,reddit,anthropic,informative,0.012082351304575363,0.01309558041294062,0.9367850898312666,10000,984,9016
primary_topic,reddit,anthropic,informative,0.022826749198312034,0.022892396411380543,0.9367850898312666,10000,984,9016
toxicity,reddit,anthropic,informative,0.13320106647935806,0.1435182279116897,0.9367850898312666,10000,984,9016
severe_toxicity,reddit,anthropic,informative,0.08874332068560359,0.06240174627934235,0.9367850898312666,10000,984,9016
author_gender,reddit,anthropic,controversial,0.008995241794729039,0.011092717154017828,0.900855198510774,10000,998,9002
author_political_leaning,reddit,anthropic,controversial,0.019879251158362646,0.016786238045448064,0.900855198510774,10000,998,9002
author_is_minority,reddit,anthropic,controversial,0.003960746138833298,0.002191471344734631,0.900855198510774,10000,998,9002
text_length,reddit,anthropic,controversial,0.37821536310158893,0.2842596803157728,0.900855198510774,10000,998,9002
avg_word_length,reddit,anthropic,controversial,0.11890847053977892,0.08958209062513206,0.900855198510774,10000,998,9002
sentiment_polarity,reddit,anthropic,controversial,0.04962064812899155,0.022736961320096234,0.900855198510774,10000,998,9002
sentiment_subjectivity,reddit,anthropic,controversial,0.142957656115542,0.10087990370933085,0.900855198510774,10000,998,9002
has_emoji,reddit,anthropic,controversial,0.0003911940616249658,0.00040910799394456264,0.900855198510774,10000,998,9002
has_hashtag,reddit,anthropic,controversial,0.0008864222852681357,0.000400581615152365,0.900855198510774,10000,998,9002
has_mention,reddit,anthropic,controversial,5.691348083500572e-05,3.9663195485111784e-05,0.900855198510774,10000,998,9002
has_url,reddit,anthropic,controversial,0.0072720065501317745,0.008974041018013083,0.900855198510774,10000,998,9002
polarization_score,reddit,anthropic,controversial,0.046800219053956,0.043842709269793695,0.900855198510774,10000,998,9002
controversy_level,reddit,anthropic,controversial,0.03019662438934518,0.02833387943049766,0.900855198510774,10000,998,9002
primary_topic,reddit,anthropic,controversial,0.037446496689330214,0.036321789625137775,0.900855198510774,10000,998,9002
toxicity,reddit,anthropic,controversial,0.09183793511859402,0.05822399151239059,0.900855198510774,10000,998,9002
severe_toxicity,reddit,anthropic,controversial,0.06257481139308842,0.03335911986890022,0.900855198510774,10000,998,9002
author_gender,reddit,anthropic,neutral,0.00978927181260894,0.008028778729384015,0.8887242368574357,10000,991,9009
author_political_leaning,reddit,anthropic,neutral,0.005361846313835813,0.004624944467860665,0.8887242368574357,10000,991,9009
author_is_minority,reddit,anthropic,neutral,0.004663160794477055,0.004796333689620277,0.8887242368574357,10000,991,9009
text_length,reddit,anthropic,neutral,0.3689808218611404,0.2841693717218372,0.8887242368574357,10000,991,9009
avg_word_length,reddit,anthropic,neutral,0.12118788599732991,0.08215842837748394,0.8887242368574357,10000,991,9009
sentiment_polarity,reddit,anthropic,neutral,0.05775267083077782,0.02197603749513382,0.8887242368574357,10000,991,9009
sentiment_subjectivity,reddit,anthropic,neutral,0.10382397147670924,0.05448696974540118,0.8887242368574357,10000,991,9009
has_emoji,reddit,anthropic,neutral,0.00037274126485004055,0.0004557195104197801,0.8887242368574357,10000,991,9009
has_hashtag,reddit,anthropic,neutral,0.0005373967015062295,0.00038758215699479187,0.8887242368574357,10000,991,9009
has_mention,reddit,anthropic,neutral,0.0004704162748615234,0.0003454821593309943,0.8887242368574357,10000,991,9009
has_url,reddit,anthropic,neutral,0.01039354131804653,0.007967837896372582,0.8887242368574357,10000,991,9009
polarization_score,reddit,anthropic,neutral,0.0653442129546029,0.07021851019724573,0.8887242368574357,10000,991,9009
controversy_level,reddit,anthropic,neutral,0.030908996093494363,0.02546222299816255,0.8887242368574357,10000,991,9009
primary_topic,reddit,anthropic,neutral,0.030925900750127456,0.024853996174721973,0.8887242368574357,10000,991,9009
toxicity,reddit,anthropic,neutral,0.1065935485082681,0.09144371466908041,0.8887242368574357,10000,991,9009
severe_toxicity,reddit,anthropic,neutral,0.08289361704736377,0.04072625347323204,0.8887242368574357,10000,991,9009
author_gender,reddit,gemini,general,0.016131035344373896,0.01891945133292938,0.8694361519824301,10000,996,9004
author_political_leaning,reddit,gemini,general,0.00641194269456951,0.004518163160830266,0.8694361519824301,10000,996,9004
author_is_minority,reddit,gemini,general,0.005112270002040774,0.0029980845597710236,0.8694361519824301,10000,996,9004
text_length,reddit,gemini,general,0.314314307634755,0.21192207795813797,0.8694361519824301,10000,996,9004
avg_word_length,reddit,gemini,general,0.12425723289826568,0.06594862675854796,0.8694361519824301,10000,996,9004
sentiment_polarity,reddit,gemini,general,0.08147709989371567,0.0284670037461892,0.8694361519824301,10000,996,9004
sentiment_subjectivity,reddit,gemini,general,0.09152737663705839,0.042577923247736564,0.8694361519824301,10000,996,9004
has_emoji,reddit,gemini,general,0.002419151894001964,0.001263102127049118,0.8694361519824301,10000,996,9004
has_hashtag,reddit,gemini,general,0.0009911492306902065,0.0003364674985580949,0.8694361519824301,10000,996,9004
has_mention,reddit,gemini,general,0.0003803365604009587,0.0002032747055717237,0.8694361519824301,10000,996,9004
has_url,reddit,gemini,general,0.05640874462169789,0.035322046578265445,0.8694361519824301,10000,996,9004
polarization_score,reddit,gemini,general,0.03752533237733578,0.028254849427630156,0.8694361519824301,10000,996,9004
controversy_level,reddit,gemini,general,0.008775635628788196,0.006276562156266192,0.8694361519824301,10000,996,9004
primary_topic,reddit,gemini,general,0.044459988880570886,0.031943806513204415,0.8694361519824301,10000,996,9004
toxicity,reddit,gemini,general,0.10804281680939629,0.06341665016602825,0.8694361519824301,10000,996,9004
severe_toxicity,reddit,gemini,general,0.10176557889233874,0.04965802362831815,0.8694361519824301,10000,996,9004
author_gender,reddit,gemini,popular,0.019577584279658694,0.01094725340117625,0.8467637719686899,10000,972,9028
author_political_leaning,reddit,gemini,popular,0.009067630563113613,0.005069506387092129,0.8467637719686899,10000,972,9028
author_is_minority,reddit,gemini,popular,0.005889322909303782,0.001999194808338818,0.8467637719686899,10000,972,9028
text_length,reddit,gemini,popular,0.12815971053564132,0.0515225168912173,0.8467637719686899,10000,972,9028
avg_word_length,reddit,gemini,popular,0.12753302146506237,0.049683310873039094,0.8467637719686899,10000,972,9028
sentiment_polarity,reddit,gemini,popular,0.13796691164461747,0.039737547223106635,0.8467637719686899,10000,972,9028
sentiment_subjectivity,reddit,gemini,popular,0.09667454243616201,0.021369404146172104,0.8467637719686899,10000,972,9028
has_emoji,reddit,gemini,popular,0.0017784607297783395,0.00046837474423616805,0.8467637719686899,10000,972,9028
has_hashtag,reddit,gemini,popular,0.0028251643659275337,0.0009513230767386875,0.8467637719686899,10000,972,9028
has_mention,reddit,gemini,popular,0.0002742429819655377,6.465804818110482e-05,0.8467637719686899,10000,972,9028
has_url,reddit,gemini,popular,0.012877525486616482,0.007248489605646511,0.8467637719686899,10000,972,9028
polarization_score,reddit,gemini,popular,0.046503381196718735,0.04383396877149814,0.8467637719686899,10000,972,9028
controversy_level,reddit,gemini,popular,0.019219582809383223,0.013764563031324725,0.8467637719686899,10000,972,9028
primary_topic,reddit,gemini,popular,0.042829625548804436,0.021138724664053202,0.8467637719686899,10000,972,9028
toxicity,reddit,gemini,popular,0.18064160980925056,0.05745150036558557,0.8467637719686899,10000,972,9028
severe_toxicity,reddit,gemini,popular,0.16818168323799593,0.05506024718184314,0.8467637719686899,10000,972,9028
author_gender,reddit,gemini,engaging,0.0193120526911564,0.019406312471717407,0.8516540800936693,10000,951,9049
author_political_leaning,reddit,gemini,engaging,0.01087004836432205,0.0081148993049034,0.8516540800936693,10000,951,9049
author_is_minority,reddit,gemini,engaging,0.006292416088307118,0.002935375491594812,0.8516540800936693,10000,951,9049
text_length,reddit,gemini,engaging,0.17306682753129704,0.10959117538345033,0.8516540800936693,10000,951,9049
avg_word_length,reddit,gemini,engaging,0.12777244836698945,0.06068408896800356,0.8516540800936693,10000,951,9049
sentiment_polarity,reddit,gemini,engaging,0.09713663895792735,0.03350836687195635,0.8516540800936693,10000,951,9049
sentiment_subjectivity,reddit,gemini,engaging,0.0913874922648827,0.028066551573416726,0.8516540800936693,10000,951,9049
has_emoji,reddit,gemini,engaging,0.0011936578241460917,0.0005636961456351344,0.8516540800936693,10000,951,9049
has_hashtag,reddit,gemini,engaging,0.0013256098207945286,0.0006513159847383574,0.8516540800936693,10000,951,9049
has_mention,reddit,gemini,engaging,0.0,0.0,0.8516540800936693,10000,951,9049
has_url,reddit,gemini,engaging,0.003269831043667083,0.0016058650140727058,0.8516540800936693,10000,951,9049
polarization_score,reddit,gemini,engaging,0.059194513445527876,0.05697640875536783,0.8516540800936693,10000,951,9049
controversy_level,reddit,gemini,engaging,0.02224370272871104,0.016787079991372036,0.8516540800936693,10000,951,9049
primary_topic,reddit,gemini,engaging,0.03603048845970975,0.02324582605139223,0.8516540800936693,10000,951,9049
toxicity,reddit,gemini,engaging,0.20103237845767855,0.11117020125646011,0.8516540800936693,10000,951,9049
severe_toxicity,reddit,gemini,engaging,0.149871893954883,0.06453281876953565,0.8516540800936693,10000,951,9049
author_gender,reddit,gemini,informative,0.006606597858840737,0.009705654655005294,0.937298288289282,10000,997,9003
author_political_leaning,reddit,gemini,informative,0.005424094302617987,0.0065406300051874715,0.937298288289282,10000,997,9003
author_is_minority,reddit,gemini,informative,0.0036878185780333584,0.0034560247399494665,0.937298288289282,10000,997,9003
text_length,reddit,gemini,informative,0.4372837023631288,0.37429575546278016,0.937298288289282,10000,997,9003
avg_word_length,reddit,gemini,informative,0.10674471569222996,0.09941584599537918,0.937298288289282,10000,997,9003
sentiment_polarity,reddit,gemini,informative,0.05049942873428603,0.029924287167175344,0.937298288289282,10000,997,9003
sentiment_subjectivity,reddit,gemini,informative,0.09116665515018582,0.06587115087208678,0.937298288289282,10000,997,9003
has_emoji,reddit,gemini,informative,0.0006999838880725863,0.00043609074628318134,0.937298288289282,10000,997,9003
has_hashtag,reddit,gemini,informative,0.0009016215706220323,0.0005847047864381097,0.937298288289282,10000,997,9003
has_mention,reddit,gemini,informative,0.0002281666353132786,0.0002054599312201723,0.937298288289282,10000,997,9003
has_url,reddit,gemini,informative,0.045188070430341246,0.04034594705733626,0.937298288289282,10000,997,9003
polarization_score,reddit,gemini,informative,0.018933733298654505,0.01918562940699286,0.937298288289282,10000,997,9003
controversy_level,reddit,gemini,informative,0.010467075153991985,0.012034695596444565,0.937298288289282,10000,997,9003
primary_topic,reddit,gemini,informative,0.025074815191733223,0.027006699510290503,0.937298288289282,10000,997,9003
toxicity,reddit,gemini,informative,0.12213753349819258,0.1274850436237731,0.937298288289282,10000,997,9003
severe_toxicity,reddit,gemini,informative,0.07495598765375577,0.05863493073007181,0.937298288289282,10000,997,9003
author_gender,reddit,gemini,controversial,0.011335309824190582,0.012676646984914813,0.8892259843761661,10000,994,9006
author_political_leaning,reddit,gemini,controversial,0.0059439315730654505,0.004985259482379872,0.8892259843761661,10000,994,9006
author_is_minority,reddit,gemini,controversial,0.00617719156542341,0.003813532808090463,0.8892259843761661,10000,994,9006
text_length,reddit,gemini,controversial,0.37102086810627416,0.28168426175046013,0.8892259843761661,10000,994,9006
avg_word_length,reddit,gemini,controversial,0.1376894632889701,0.10517265720055682,0.8892259843761661,10000,994,9006
sentiment_polarity,reddit,gemini,controversial,0.07034432920678645,0.039873671195926705,0.8892259843761661,10000,994,9006
sentiment_subjectivity,reddit,gemini,controversial,0.12330524551513126,0.07426629850939762,0.8892259843761661,10000,994,9006
has_emoji,reddit,gemini,controversial,0.0009231825027326964,0.0008534748796369166,0.8892259843761661,10000,994,9006
has_hashtag,reddit,gemini,controversial,0.0006331745741745881,0.0004357888639024218,0.8892259843761661,10000,994,9006
has_mention,reddit,gemini,controversial,0.0,0.0,0.8892259843761661,10000,994,9006
has_url,reddit,gemini,controversial,0.005132628230635463,0.002816336471114545,0.8892259843761661,10000,994,9006
polarization_score,reddit,gemini,controversial,0.061553564553712144,0.05801242717868389,0.8892259843761661,10000,994,9006
controversy_level,reddit,gemini,controversial,0.03216851035776713,0.028122342363657935,0.8892259843761661,10000,994,9006
primary_topic,reddit,gemini,controversial,0.03411587148273557,0.03153719794542966,0.8892259843761661,10000,994,9006
toxicity,reddit,gemini,controversial,0.08301403083586305,0.05058772203764292,0.8892259843761661,10000,994,9006
severe_toxicity,reddit,gemini,controversial,0.05664269838253786,0.020768629631629794,0.8892259843761661,10000,994,9006
author_gender,reddit,gemini,neutral,0.010304186106394747,0.01221738458637487,0.8891429926790256,10000,997,9003
author_political_leaning,reddit,gemini,neutral,0.00464653963805418,0.005290085807264369,0.8891429926790256,10000,997,9003
author_is_minority,reddit,gemini,neutral,0.004101099043036227,0.002132181264669868,0.8891429926790256,10000,997,9003
text_length,reddit,gemini,neutral,0.40237754455177316,0.31376519689160326,0.8891429926790256,10000,997,9003
avg_word_length,reddit,gemini,neutral,0.11855712837565231,0.08343539611356873,0.8891429926790256,10000,997,9003
sentiment_polarity,reddit,gemini,neutral,0.06641923630994442,0.040331231950316015,0.8891429926790256,10000,997,9003
sentiment_subjectivity,reddit,gemini,neutral,0.11410499946449768,0.05874481609151199,0.8891429926790256,10000,997,9003
has_emoji,reddit,gemini,neutral,0.0004793843664601947,0.00034325284843272083,0.8891429926790256,10000,997,9003
has_hashtag,reddit,gemini,neutral,0.0017548588344552943,0.0010738916641927195,0.8891429926790256,10000,997,9003
has_mention,reddit,gemini,neutral,6.4425126248298346e-06,8.134580689401842e-06,0.8891429926790256,10000,997,9003
has_url,reddit,gemini,neutral,0.003102753320209649,0.0019025594219964242,0.8891429926790256,10000,997,9003
polarization_score,reddit,gemini,neutral,0.07134486666973547,0.06928507884644561,0.8891429926790256,10000,997,9003
controversy_level,reddit,gemini,neutral,0.025394274839471254,0.018864352852299402,0.8891429926790256,10000,997,9003
primary_topic,reddit,gemini,neutral,0.05030613919047432,0.05231485645207577,0.8891429926790256,10000,997,9003
toxicity,reddit,gemini,neutral,0.06788238109565715,0.03140507167814036,0.8891429926790256,10000,997,9003
severe_toxicity,reddit,gemini,neutral,0.05921816568155909,0.023694922645430522,0.8891429926790256,10000,997,9003
